seq,label
AANKQKQELDEISTNIRQAG,1
AAPAEGEKPAEEEKPITEAA,1
AARLFKAFILDG,1
AAWGGSGSEAYQGVQQKWDA,1
ACNTIGGYECGGGS,1
ADVVLIASIDHIT,1
AEEEKPITEAAETATTEVPV,1
AEERADIAESQVNKLRAK,1
AEVDCSRFPNATDK,1
AEVSYVHVNGAK,1
AFFLDLILLIIALYLQQNWW,1
AFILDGDNLFPKVAPQAISSV,1
AGELQIIDKIDAAFKVAA,1
AGLLGVVSTVLLGGV,1
AGSKLCEKTSKT,1
AHPADPGSRPHLIRLFSRDA,1
AIARFIARKHNMMG,1
AKFVAAWTLKAAA,1
AKGVSLVAVKVLDCDGSGSN,1
AKQYNICCKFKELLD,1
AKSTWYGKPTGAGPKDNGGA,1
ALLVLYSFALMLIIIILIIF,1
ALNARGVLLLSTRDLAFAGA,1
ALSTLVVNKIRGTFK,1
ALTGGMELTRDPTVP,1
AMKRHGLDNYRGYSL,1
APAEPEAPAPETEKAEEVEK,1
APEADQTTPEEKPAEPEPVA,1
APMSTPSATSVR,1
AQAAVVRFQEAANKQKQELD,1
ARRRLLVLDAVALERWPRDG,1
ARSALILRGSVAHKSCLPACVYGP,1
ASDVETAEGGEIHELLRLQ,1
ASEQETADATPEKEEPTAAP,1
ASINKFVVLISATLVLSFAI,1
ASVPAADKFKTFEAAFTSSSK,1
ATALPKNETPEVTKAEETKT,1
ATDKEGKDVLVCNK,1
AVFEAALTKAITAMS,1
AVLTGYSLFQKEKMVLNEGTS,1
AVVESNGTLTLSHFGKC,1
CDKKCIEWEKAQ,1
CGKYLFNWAVRTKLKLTPIA,1
CGSSDLYLVTRHADVIPV,1
CLLCAYSIEFGTNISK,1
CLLVLGIWIYLLEMLWRLGA,1
CWVAMTPTVATREGKLPATQLRRHI,1
DAATAQTLQAFLHWAITDGN,1
DALESIMTTKSVSFR,1
DANWDQNRMKLADCAVGFGS,1
DDQPRPRGDNFAVEKPEENI,1
DEEFNKKMQEQNAKFFADKP,1
DERGTPEYNIALGQR,1
DEYYIIEKMIGQVE,1
DFVRAAGVYAVD,1
DGNCEDIPHVNEFSAIDL,1
DHAREVKEKKRIMNDKKLIR,1
DHTNFKYNYSVIEGGPIG,1
DIELLKKILAGGFIQKYDSVMQ,1
DIPEQKPNIPEDSEKEVPSD,1
DKFKIFEAAFSES,1
DRVDEVDHTNFK,1
DSDKNPLFLDEQLIRAEFQR,1
DSFVASLTEALRVIA,1
DTPYLDITYHFVMQRLPL,1
DWTGGALLVLYSFALMLIII,1
DYSNTHSTRYV,1
EAIQPGCIGGPK,1
ECKETVPMNCSSYA,1
EDLTLNDLETDVCTMDKCAG,1
EENVEENVEENVEENV,1
EEQTQQIRLQAEIFQAR,1
EGKQSLTKLAAAWGGSGSEA,1
EHYDKFERMIKEHTEKFNKK,1
EIRLKVFVLGGCRHK,1
EKIEKTEEPAPEADQTTPEE,1
EKPKFEAYKAAAAPA,1
EKVDNLGRSGGDIIK,1
ELEKYQKLNSERGVPN,1
ELIHVLHGLYGMQVSS,1
ELQKKIYVIEGTSKQDLTSF,1
ENGDVKFDLIPKENTERSHK,1
ENSYEKSMSVV,1
EPMIGVNQELAYFYPELF,1
EQNVRSAGELELQFRRVKCK,1
ERNTTIPTKRSETFTTADDN,1
ERQGVVGLFQPGLVG,1
ERRAKEKLQEQQRDLEQRKADTKK,1
ESKHGLTNTASHTRLSCD,1
ESWGAVWRIDTPDKLTGPFT,1
ETMTPSGLVIPENAK,1
ETTMRSPVFTDNSSPPAV,1
EVKAEQVKASKE,1
EVKYTVFETALK,1
EYLNKIQNSLSTEWSPCSVT,1
FAAQKAKANKAVD,1
FADKPDESTLSPEMKEHYDK,1
FDTGAFDPDWPA,1
FGAMAKKGDEQK,1
FGAQFITWRGIPLI,1
FIPVENLETTMRSPVFTD,1
FISEAIIHVLHSR,1
FKHKFAELLEQQKAAQYPSK,1
FNNFTVSFWLRVPKVSASHLE,1
FQVAHLHAPTGSGKSTKV,1
FTTKVIGKDSRDFDISPKV,1
FVDGKEVTSKPANKVS,1
FYPELFRQFYQLDAYPSG,1
GAGDENIEDRGMLATV,1
GAKPSECISIAWSADGNTLYS,1
GALEVHAVKPVT,1
GAPLGGAARALAHGVRVLED,1
GATRDRPLWIIFSGNMNIKL,1
GATRERSLWIIFSKNLNIKL,1
GAVQNEVTLTHPITKYIM,1
GAYMSKAHGVDPNIRTGV,1
GCIITSLTGRDKNQVEGE,1
GDLLLKLNNYRYNKD,1
GEGAVQWMNRLIAFASRGNHV,1
GFPFKYVKDRVD,1
GGGYITCPPYVEVCQ,1
GHAFGAMAKKGD,1
GIGTVLDQAETAGARLVV,1
GIQYLAGLSTLPGNPAIASL,1
GKESCFCYFDCS,1
GLLAEITPDKAFQDK,1
GLNGPDIYKGVYQFKSVEFD,1
GNAEKYDKMDEPQHYGKS,1
GQWRGAAGTAAQAAVVRFQE,1
GRTGRGKPGIYRFVAPGE,1
GRTILKENIKYEVAIFVH,1
GSENKRTGALGNLKN,1
GTDGVTYTNDCLLC,1
GTNISKEHDGECKE,1
GTNLTHQDNVPSWGLARVGS,1
GTVGGTKYGLAKGVSLVAVK,1
GVFNYETETTSVIPAA,1
GYYRRATRRVRGGDG,1
GYYYPSDPNTFYAPPYS,1
HGRQIRMAKLLGRDPE,1
IAVGLLLYCKA,1
ICDECHSTDATSISGIGT,1
ICFSPSLEHPIVVSGSWD,1
ICKINVAVNIEPQTY,1
IDIDLCDICTNTMDV,1
IDYFDARLLPGVFTV,1
IEAAASAIQGNVTSIHSLLD,1
IINNYYMQQYQNSMDTQLGD,1
IKEEFVKIVQKRGIVK,1
IKKMLADQTVEEHIG,1
IKPGSANKPKDELDYENDIE,1
ILIIFIFRRDLLCPLGALCI,1
ILQQQLIPCMDVVLQQHNIA,1
IMDINKRKYDSLK,1
IMILVVAAKEVWGDEQA,1
INGRWIILLSKFLK,1
IPSLEAAVKQAYAATVAAAPQ,1
IRLHSDASKNKEKALIIIKS,1
ITREEKPAVTAAPKK,1
IVGYIMHGISTINTEMK,1
KAERADLIAYLKQATAK,1
KCIEWEKAQHGA,1
KDAGISVSEIDHVVLV,1
KENALSLLDKIYTSPL,1
KFDSKKPKEDPGPARVIYTY,1
KFNKKMHEHSEHFKHKFAEL,1
KGGRKPARLIVFPDLGVRVC,1
KGKDKWIELKESWGAVWRID,1
KGQPSKPFVGVLSAG,1
KHLLATSPKLAKYLS,1
KIYNRNIVNRLLGD,1
KIYVGRAYVRDLTPDE,1
KKICKMEKCSSVFNV,1
KLCPNNLCCSQWGWCGSTDE,1
KLEEKFPQVAATGDG,1
KLQKTYSQYKVQYDM,1
KMPMYIAGYKTFDGRGAQVY,1
KMQAMKLEKDNAMDR,1
KNESKYSNTFINNAYNMSIRRSM,1
KPLVIIAEDVDGEALSTLVLN,1
KPQEEKEKITKEILNGK,1
KPTLHGPTPLLYRLGAVQ,1
KQVTIRIGCKTS,1
KRHDGGCRKELAAV,1
KRVFCAAVGRLAA,1
KSKYKLATSVLAGLL,1
KSMKVTVAFNQFGPNAGQRM,1
KYKIAGGIAGGLALL,1
LAQEAGNFERISGDLKTQID,1
LDNIKDNVGKMEDYIKKNKT,1
LDVAEGDTVIYSKYG,1
LEDARRLKAIYEKKK,1
LEKDNAMDRADTLEQ,1
LEYYLREKAKMAGTLIIPES,1
LFAAFPSFAGLRPTFDTRLM,1
LFDYNEKVDNLGRSG,1
LGHDDAYSDDKSMKVTVAFN,1
LIKGRTPIKFGKADCDRPPK,1
LINIDKIYIKNKHKF,1
LIYDAAVEGDLLLKL,1
LLFWLYIVMSDWTGGALLVL,1
LLLMITLLLIALWNLHGQAL,1
LLSCLTIPASA,1
LLWLLLFLAILIWMYYHGQR,1
LNWVPVEAGVYRVNR,1
LPVVLENARILKNCVDAK,1
LQVIEKVDAAFK,1
LSFLPSDFFPSVRDL,1
LSGTSMASPHVCGLGAYLIG,1
LSIYEAIKGVDGLDA,1
LSPRIRKVGDIEFHACSDYI,1
LSSSLGLALLLLLLALLFWL,1
LSSVVVDPSIRHFDV,1
LTAELKIYSVIQAEINKHL,1
LTMSNVKNVSQTNFKSLLRNLGVS,1
LTMTASHTRLSCDCDDKFYD,1
LVNLLIFHINGKIIKNS,1
LVNYEMKLLHKVGS,1
LVVFSDPNADAATSV,1
LYAEERYPILPEYLQCVK,1
LYLKRKLIYDAAVEG,1
LYQAQYDLSIYNKQLEEAH,1
LYQAQYNLFIYNKQLQEAH,1
LYVFVVYFNGHVEAV,1
MASVEVESAATALPKNETPE,1
MATTYEEFAAKLDRLDEEFN,1
MDAIKKKMQAMKLEK,1
MDRADTLEQQNKEAN,1
MEAVGAYDVIVNGDK,1
MGETLLRAVESYLLAHSD,1
MLMRTDPFRELDRFAEQVLG,1
MMERVVEQMCITQY,1
MNAWVAWRNRCKGTDV,1
MNYYGKQENWYSLKK,1
MPFHNIHPLTIG,1
MQTLWDEIMDINKRK,1
MRKLAILSVSSFLFV,1
MSESLAIARFIARK,1
MSTNPKPQRKTKRNTNRRPQ,1
MTEQQWNFAGIEAAASAIQG,1
NAGFKAALAGAGVQPADKY,1
NDKSDRNIPYSPLPPKVLDN,1
NENIKELLDKINEI,1
NENIKKLLEDIDKI,1
NENLDDLDEGIEKSSEELSEEKI,1
NERAKSPAAMTAEDE,1
NGSAAPQLTKNAGVLTCILS,1
NHLYETPISATAMVI,1
NKWEDKRLLYSQA,1
NLARTISEAGQAMASTEGNV,1
NMYAMMIARFKMFPEVKEKG,1
NPNEPSNPNEPSNPNEPS,1
NQELAYFYPELFRQFYQL,1
NVTSIHSLLDEGKQSLTKLA,1
NVVKTVVTPVYY,1
PAAYAAQGYKVLVLNPSVAA,1
PDTAKEKPQEGTVVA,1
PEVTKAEETKTEEPAAPPAS,1
PGKYTAYEGQRVVFIQ,1
PGTIKKISFPEGFPFKYV,1
PINGWAVYSKDNSIRIGSKG,1
PITKYIMTCMSADLEVVT,1
PIYGKTISTPSDYM,1
PKENTERSHKLINPWEKFME,1
PKLAKYLSERHATAF,1
PLKMLNIPSINVHHY,1
PPKTWEEIPALDKEL,1
PPNPPNPPNPDIPEQEPNIP,1
PQAISSVENIEGNG,1
PRGPPLSSSLGLALLLLLLA,1
PSDKHIEKYLNKIQNSLSTEWS,1
PTFTIETTTLPQDAVSRT,1
PTYLRSISVRNKDLN,1
PYILLVSSKVSTVKD,1
QESLLKANIQLVEKD,1
QLVKDKNIDISIKYDPRKDSE,1
QMCITQYERESQAY,1
QQEVDYIIDHVDQHN,1
QRASEAHASLLPFNV,1
QSMYENYIVPEDKREMWMAC,1
QTLIAIHTLAIRYAN,1
QVESTAGSLQGQWRGAAGTA,1
QVYQGEREIASH,1
RAPRKTSERSQPRGRRQPIPKARR,1
RDGQLTIKAERTEQKDFDGR,1
RHNWVNHAVPLAMKLI,1
RLFEPFQGLFEIPSY,1
RNNHPQNTSDSQKECTDGNK,1
RQFYQLDAYPSGAWYYVP,1
RRGPRLGVRATRKTSERSQPRGRRQ,1
RRVNAANKKPEDLTLNDLET,1
RSLTPCTCGSSDLYLVTR,1
RSRNEALRVKKKMEGDLN,1
SAGKVSSTLASELG,1
SASVRIRYKKMKVFCPRP,1
SAYLAHRNQSLDLAEQELVDCAS,1
SCFEIKCTKPESCSGEAVTV,1
SEFAYGSFVRTVSLPVGADE,1
SELLSLINDMPITNDQKKLMSNNV,1
SHLECRTFFLTQGALLNDKH,1
SHNFTLVASVIIEEA,1
SIAWSADGNTLYSGHKDNLIR,1
SIEYILKDLIIKDPN,1
SKDQIKKLTSLKNKLERRQN,1
SLKLMATLFSTYASAD,1
SLKMADPNRFRGKDLP,1
SLRWIFKHVAKTHLK,1
SQWGWCGSTDEYCSPDHNCQ,1
STIASGIIIEKYNV,1
SVELIDIGGNRRIFGFNALVD,1
SVIPAARLFKAF,1
SYPHWFTNGYDGNGKLIKGR,1
SYSYNKDNNELSHFA,1
SYVLEGTLTAEKTTLVVKEG,1
TAADTPTAESISPSPPC,1
TAVYFSEKYNDV,1
TDVTFLKRHFHMDYG,1
TGSQDFFVRSIG,1
TLDISNNRLESLPAH,1
TMPVYNRQVLTKKQR,1
TNLTDALLQVRKHLNDRINR,1
TPAETTVRLRAYMNTPGLPV,1
TPLLYRLGAVQNEVTLTH,1
TTCSDKSRPLNDLVS,1
TVAEEHVEEPTVAEE,1
TVTRGTISDPQRAKEALDKY,1
TVYVRPIIEDYHTLT,1
VDPMDEPTLLYVLFE,1
VDVSEGDIVIYSKYG,1
VGGVYLLPRRGPRLGVRATR,1
VGKMYFMLIDTKCYK,1
VIEGGPIGDTLE,1
VIKGGRHLIFCHSKKKCD,1
VIQTYTNVDQDLVGWPAP,1
VIVFLIFFDLFLVNGRDVQN,1
VKLYRKLKREITFHGAKEIS,1
VKYAVFEAALTKA,1
VLGGGVALLRVIPALDSLTPANED,1
VLVMLVLLILAYRRRWRRLTV,1
VMHFSLTADRGGELKIYSVIQA,1
VNGENLVGDDVVLAT,1
VNNTDTNFHSDITFR,1
VPKNPEDDREENFDIPKKPE,1
VQNRFNSAITNLGNT,1
VQYSRADEEQQQALSSQMGF,1
VRHRIKEHMLKKYTQTEEKF,1
VRVDMVRHRIKEHMLKKYTQ,1
VSFGVWIRTPPA,1
VSIRRYVRKNQNRYNYFLIE,1
VSQIFPDSVMLAVQE,1
VTHESYQELVKKLEALEDAV,1
VTPVYYIPLEAV,1
VYYIPLEAVKFV,1
WDEDGEKRIPLDVAE,1
WPAPQGSRSLTPCTCGSS,1
YAVITWRALNKL,1
YAYVAREQSCR,1
YDSLKEKLQKTYSQY,1
YFVGKMYFNLID,1
YHGQRHSDEHHHDDSLPHPQ,1
YIIDTGIDIDHEDFQGRAKW,1
YIVMSDWTGGALLVLYSFAL,1
YLKGSSGGPLLCPTGHAV,1
YLLFCMENSAE,1
YNNNEAFKVENGSAAPQLTK,1
YQEGVLKLSIPVAERAKPRK,1
YQGVQQKWDATATELNNALQ,1
YSFALMLIIIILIIFIFRRD,1
YVQILDAHAAYLNAT,1
KSDNQIKAVPASQAL,1
IGYSGTGEGNHIENDPLKIK,1
KFGADARALMLQGVDLLADA,1
ADFKKNNNFVGIADLSTD,1
AISVTMDNILSGFENEYD,1
AKYKDDLESIKKVIKEEK,1
AVTPSVIDNILSKIENEY,1
DDTKKDMLGKLLSTGLVQ,1
DVLGYYKILSEKYKSDLD,1
EAHVKITKLSDLKAIDDK,1
EKFPSSPPTTPPSPAKTD,1
ENDIKFAQEGISYYEKVL,1
EQKKESKFLPFLTNIETL,1
EVLYLKPLAGVYRSLKKQ,1
FLSTGMVFENLAKTVLSN,1
GISYYEKVLAKYKDDLES,1
GVYRSLKKQLENNVMTFN,1
IDLFKNPYDFEAIKKLIN,1
IEDSFKLLNSEQKNTLLK,1
KHISSNEYIIEDSFKLLN,1
LENNVMTFNVNVKDILNS,1
LSGFENEYDVIYLKPLAG,1
NKEKRDKFLSSYNYIKDS,1
NLAKTVLSNLLDGNLQG,1
QGENEKYLPFLNNIETLY,1
RFNKRENFKNVLESDLIP,1
SEQKNTLLKSYKYIKESV,1
SIKKYINDKQGENEKYLP,1
SSYNYIKDSIDTDINFAN,1
SYKYIKESVENDIKFAQE,1
VEVKIKELNYLKTIQDKL,1
VVKDPYKFLNKEKRDKFL,1
YLKTIQDKLADFKKNNNF,1
YNHNNLLTKFLSTGMVFE,1
CKDDINSYECWCPFG,1
GVLIFGKQGSEKTNV,1
LEPLGLVEEGAKTAP,1
YTKVSRYVNWIEKEKT,1
RVLDGLVMTTISSSKDC,1
GALMLPHFNSKAMVI,1
NEGVIVKVSKEHVEE,1
QVEKLIKNQKESHFV,1
ISVKNAEKVQTAGIVTPYDI,1
NQNLRVAKISMPVNT,1
RCTKLEYDPRCVYDP,1
RDYVSELPTEVQKLKEKCDG,1
VLASVSATHAKSSPY,1
DAFSLDVSEKSGN,1
LEAAFNAEFNEIRRVLLEEN,1
QRSRQFQNLQNHRIVQIEAK,1
SWFITQRNFFSPQII,1
CFWYIPPSLRTLEDN,1
FKADEKKFWGKYLYEIAR,1
SRLSKVAPVIKARMMEYGTT,1
EDLQVGQVELGGGPGA,1
FFYTPMSRREVED,1
KKGAAALGIGTDSVI,1
NPVEIRRGVMLAVDAVIAEL,1
VPPSLRTLEDNEERMSRLSK,1
YVVKSFDRSTKVIDFHYPNE,1
AQVATISANGDKDIGN,1
DYEYLINVIHAFQYV,1
KKISSVQSIVPALEIA,1
TYEIAPVFVLLFYVTLKKMR,1
CLELAEYLYNI,1
GIVEQCCTSICSLYQ,1
YEMVFDGKPQHTNVCFWYIP,1
YGAFDPLLAVADICKKYKIW,1
AALGIGTDSVILIKCDERGK,1
EYVTLKKMREIIGWPGGSGD,1
GMAALPRLIAFTSEHSHFSL,1
HTPGVHMASLSVYLKTNVFL,1
LYHVYEVNLVSEHIWCEDFL,1
SEHIWCEDFLVRSFYLKNVQ,1
WYVMVTAALSYTISRMEESSVTL,1
SHLVEALALVAGERG,1
TGHMILAYMEDHLRNRDR,1
AYSDDKSMKVTVAFNQFGPN,1
DVFYNGAYFVSSGKYEGGNIY,1
FAEDVGSNKGAIIGL,1
GAIIGLMVGGVVIA,1
ILSEGNSFTAPNESYKKQVTI,1
KLVFFAEDVGSNKGA,1
NVIIHGLYLYGCSTSVLG,1
STSVLGNVLINESFGVE,1
VFIKRVSNVIIHGLYLYG,1
KPTQAFVKQHLCGPHL,1
CVDTRSGNCYLDIRP,1
HCLGKWLGHPDKFVGI,1
IWYINCFGCETHAML,1
LSGLPSGGEVLEISV,1
QKRAAYDQYGHAAFE,1
ATEGQVRVNSIYQDK,1
ATEGRVRVNSAYQDK,1
GEPGIAGFKGAQGPKGEPGPA,1
LKRRIMPEDIIINCS,1
NTYKHRLQKRTMRPT,1
EYGTTMVSYQPLGDK,1
GNQWVGYDDQESVKSK,1
NFGSQRFSKIASNTQS,1
KTTICGKGLSATVT,1
LNSKIAFKIVSQEPA,1
VNNLARTTPDRQAAC,1
AVGADESVVKEAHREVINS,1
ENPKKYIPGTK,1
GLFGRKTGSVA,1
GPPGPAGPAGERGEQ,1
GRSFTLASSETGVGA,1
IINPSENGDTSTNGIKK,1
LKAGEGNKIGPE,1
LKKPKDRNDLI,1
RNDLITFLEQETK,1
TDANKQKGIEWNHDT,1
VAGYSYTDANK,1
AMKKIQDCYVENGLISRVLD,1
AVLLVPANKKFFVNNLVFRG,1
EICPAVKRDVDLFLTGTPDE,1
EKLIETYFSKNYQDYEYLINVI,1
GRLIPTCKNLRPGPSPKEFE,1
HGTSATAAAIQLMCSDSVPC,1
IGTGDDCIAIGTGSSNITIK,1
KDCMGEAVQNTVEDLKLNTL,1
KLTSGKPASCVDKNARGFYS,1
LEDLLMGTLGIVCPICSQKP,1
LKNCVDAKMTEEDKENALSV,1
LMNSPEFHLVFGECEGVKIQ,1
NELLLDLSLTKVNATEPERT,1
SKSVTVKELTLMNSPEFHLV,1
VDKNARGFYSGRLIPTCKNL,1
VKMAETCPIFYDVFFAVANG,1
VNGRTVCNDRNRPTAIKIDY,1
YDVFFAVANGNELLLDLSLT,1
HSLGKLLGRPDKF,1
CLRCQKPLNPAEKLR,1
GLYNLLIRCLRCQKP,1
GRRITTRRIMENGQE,1
LFVVYRDSIPHAACH,1
PGMVQQIQSVCMECQ,1
SGPFFTFSSSFPGHS,1
DIEITCVYCKTVLEL,1
DKKQRFHNIRGRWTG,1
PGYPIRALVGDEAE,1
AQGTLSKIFKLGGRDSRSGSPMARR,1
KYLATASTMDHARHGFLPRH,1
LSRFSWGAEGQRPGFGYGG,1
NTWTTCQSIAFPSKTSASIG,1
SKTSASIGSLCADARMYGVLP,1
VHFFRNIVTARTP,1
AVESEISPRLDAIKL,1
MIAATYNFAVLKLMGRGTKF,1
YPFLNLLHTPPHRPP,1
YTTGAVRQIFGDYKTTICGK,1
SSKRGRQTPVLYAMLDHSRS,1
DCVMATGLYHCK,1
IVTTSTNDWVVTCSYTIPTCRKMDE,1
QKFSEHFSIHCCPPFTFLNSKR,1
SDEGGYTCFFRDHSYQEE,1
YGSLPQKSQRSQDENPVVHFF,1
ARTTHYGSLPQKSQRSQ,1
GENRFYYSSGSSSPTHAKSA,1
LRLIHYSYDVN,1
PVCAHRETTIVSFGYSLYAG,1
VHFFKNIVTPRTPPPSQGKGR,1
GMEVGWYRPPFSRVVHLYRNGKD,1
AYVLLSEKKISSIQS,1
EAVLEDPYILLVSSK,1
GEALSTLVLNRLKVG,1
IAGLFLTTEAVVADK,1
KCEFQDAYVLLSEKK,1
VASLLTTAEVVVTEI,1
PSQGKGRGLSLSRFSWGAE,1
QRPGFGYGGRASDYKSAHK,1
KEEDWICCACQKTRTSRRAKPPQ,1
SSLGRAGLTYEQYFG,1
AYKEQIKTLTNKLKA,1
ELRVVGNNLKSLEVS,1
ERSEERLNTATTKLA,1
KTLTNKLKAAEARAE,1
QLENDLDQVQESLLK,1
QNKEANNRAEKSEEE,1
RKYDEVARKLAMVEA,1
HHPARTAHYGSLPQKSHGR,1
TSSEVATEVPFRLMHPQPED,1
ANNGNLQLRNKEVTWEVLEG,1
RIHMVYSKRSGKPRGYAFIEY,1
KFKGKATLTSDK,1
SFEYFPSHFFVPELEVTIIC,1
DGDFAIVKFTKVLLDYTGHI,1
RGWKHWVYYTCCPDTPY,1
DYTGKIMWTPPAIFKS,1
FAIVHMTKLLLDYTGKI,1
LGTWTYDGSVVAINPES,1
SLLTEVETPTRNEWECRCSDSSD,1
GGDRGAPKRGSGKDSHH,1
PYAVAFQPLLAYAY,1
STHVMPNWVRKVFIDTIPN,1
GDLLAEIETDKATI,1
KVGNEYVTKGQSVQQVYYSI,1
SGIPYIISYLHPGNTILHVD,1
DEVLVEIETDKVVL,1
KQVHPDTGISSKAMG,1
LIYEETRGVLKVFLE,1
PKKGSKKAVTKAQKKDGKKRKRSR,1
PLFSHLQNEQWVD,1
PTARSVGAADGSSWEGVGVVPDV,1
RDAVTYTEHAKRKTV,1
SHRTATAAEELA,1
EEQEDEIIGFGQELKNPQEE,1
ITDNPYMTSIPVNAFQGLC,1
KRKLEGDLKLTQESIMDLENDKQQL,1
LKLIETHLRTIPSHAFSNL,1
YDYTICGDSEDMVCTPKSDE,1
STLTKTLVLVPLLANNR,1
WEGVGVVPDVAVP,1
ADKDVVVLTSSRTGGV,1
AEEYEKLQNPNQSVV,1
DDLMGSRSNFDSTLI,1
DGPIRRNPAGNVARP,1
DSAFDVLSFTAEEKAGVYK,1
EEILGPDGNTPQFEN,1
EQFLGALDLAKKRVH,1
FLTWHRYHLLRLEKD,1
GTLISRAPVVTHTYL,1
IPLYRNGDFFISSKD,1
LASLIYRRRLMKQDF,1
LRHNPGGPSSAVPLLLSYFQ,1
QDWLGVSRQLRTKAW,1
RQNIHSLSPQEREQF,1
SEIWRDIDFAHEAPA,1
SLGWATLVGEITAGNLLHTR,1
TTEWVETTARELPIP,1
ASIDSMIDEIDFYEK,1
GQGVPINTNSGPDDQ,1
HPGNTILHVDTIYNRPSNTT,1
MKELSPRWYFYYLGT,1
NSGPDDQIGYYRRAT,1
PAEDVSLMASIDSMI,1
RATRRVRGGDGKMKE,1
RVRGGDGKMKELSPR,1
VFFEEQEDEIIGFG,1
VVHKLNKKMKSLK,1
CHQEEDFRVTCKDIQRIPSL,1
DKDAFGGVYSGPSLLDVSQTSVTA,1
FLPFSAGRRACLGEPLARME,1
GDSEDMVCTPKSDEFNPCEDI,1
KNQKKIRGILESLMCNES,1
KSDEFNPCEDIMGYKFLRIV,1
LPSKGLEHLKELIARNTWTL,1
NTGLKMFPDLTKVYSTDIFF,1
RGILESLMCNESSMQSLRQRKSV,1
SHCCAFKNQKKIRGILESL,1
TSVQGYAFNGTKLDAVYLNKNKYL,1
TYIDPDALKELPLLKFLGIF,1
AAPANDKFTVFEAAF,1
ALKELPLLKFLGIFNTGLKM,1
DKFTVFEAAFNDAIK,1
EKVDAAFKVAATAAN,1
ELLVLLENERTLDFHDS,1
FAEYKSDYVYQPFPK,1
NSFKPFAEYKSDYVY,1
DCIRPCFWVELVRGLPR,1
EPGEVLVEIETDKAQMDF,1
IFKIEKGKVTKSIELNA,1
KEGETLVIVETDKVNAEL,1
QAEQSLIVLESDKASMEI,1
YFLLKWLGHPNVS,1
LAQGAYRTAVDLESLASQLT,1
CMGLIYNRMGAVTTESA,1
DVFVIREPFISCSHLE,1
ERRNKYLEEHPSAGKDP,1
ESDEAFKMTMASALASR,1
FTEEGAIVGEISPLPSL,1
GGPPFTPTQKRKMAGTI,1
GKSSFYRNLLWLTGKNG,1
IIKMMESARPEEVSFQG,1
KESWSYIVETPNPENGT,1
KQKVAGPLCVRMDQAIM,1
LEPGDTIIFEANGNLIA,1
LPACVYGPAVASGYDFE,1
LTLLRAFTEEGAIVGEI,1
MNPNQKIITIGSISIAI,1
NFHYEECSCYPDTGTVM,1
NFWRGENGRKTRIAYER,1
NQRALYHTENAYVSVVS,1
RQMVQAMRAIGTHPSSS,1
SSFERFEIFPKESSWPN,1
TNQQRASAGQISTQPTF,1
VETYVLSIVPSGPLKAE,1
VLIGGLEWNDNTVRVSE,1
VYSLIRPNENPAHKSQL,1
AQPPRDLTEAFLAEMEKAKG,1
CLAVLWVVKSTPAS,1
EHRMTWDPAQPPRDLTEAFL,1
FTSLLQHFSFSVPTGQPRPS,1
KAKGNPESSFNDENLRIVVA,1
LLDKAVSNVIASLTCGRRFE,1
LNGLAAVREALVTHGEDTAD,1
PEHFLDAQGHFVKPEAFLPF,1
PEMGDQAHMPYTTAVIHEVQ,1
RFLRLLDLAQEGLKEESGFL,1
RRVQQEIDDVIGQVRRPEMG,1
STLRNLGLGKKSLEQWVTEE,1
SVLKDEAVWEKPFRFHPEHF,1
SYFTNMFATWSPSKARLHLQ,1
VIASLTCGRRFEYDDPRFLR,1
WEKPFRFHPEHFLDAQGHFV,1
KAKRLHLSPVRLAELHSDLKIQE,1
ALASPGSCLEEFRASPFLEC,1
ANILLQIDNARLAAD,1
ENRYCVQLSQIQGLI,1
FTTMPFLFCNVNDVCNFASR,1
HGRGTCNYYSNSYSFWLASL,1
KIISRCQVCMKKRH,1
LWKGFSFIMFTSAGSEGTGQ,1
NDYSYWLSIPALMPMNMAPI,1
PITAKAIAASVG,1
PLLCVGLRPQWE,1
QYFVGKRTVPPGECFIQFLS,1
VFTRHSQTTAIPSCPEGTVPL,1
MVPFIPLYRNGD,1
ERITQIAKGQEQWFRVNLRT,1
FLPLLALLALWEPKPTQA,1
GGAVFGEEGLTLNLEDVQPH,1
KDKYKNIGAKLVQDVANNTNEEAG,1
KDPGMGAMGGMGGGMGGGMF,1
LMTERVFRITASMAHNR,1
LTTAEVVVTEIPKEEKDPGM,1
PALDSLTPANEDQKIGIEII,1
TLVLNRLKVGLQVVAVKAPGFGD,1
YISPYFINTSKGQKCEFQDA,1
LSANAITVVSPSCSV,1
ALKALNAHWSADAVY,1
AMKRKVNLKTQQSQHPTDAL,1
GGGPGAGSLQPLALEGSLQK,1
KLKVESSPSRSDYINASPIIEHDP,1
KVSFFCKNKEKKCSY,1
SKDQFEFALTAVAEEVNAILKA,1
ECLPQHAMFGNDTITCTTHGN,1
EIECTKLGNWSAMPSCKASCK,1
LPVKKATVVYQGERVK,1
CDVGSDWRFLRGYHQYAYDGKD,1
GMYPVEIWHPDPAKN,1
LLEQKRGRVDNYCRHNYGV,1
NEYLLPQTVWARF,1
AENPRMEPRARWMEREGPEYW,1
GTCLESLRRYLELGKERL,1
PRFIAVGYVDDTE,1
QLKSPGVTLRPDVYG,1
NAGFNSNRANSSRSS,1
GVHIPYKISASTNCATVK,1
ITCGQVSSALAPCIPY,1
RQAACNCLKQLSASVPGV,1
SVPGVNPNNAAALPGK,1
QEGPEYWEEQTQRAK,1
REEALHQFRSGRKPI,1
KDYRAYYTFLNFMSNVGDPR,1
KWCANPDWIHIDTTPFAGLV,1
RLQQLVLDPGFLGLEPLLDL,1
SSIIADQIALKL,1
YFRLGVSDPIRG,1
GKLEYSYCAPEAGWQCA,1
HEACYDQREPQAWCRP,1
NKLLIAFGLVILLVTLPCAS,1
SEGGDEYVTKGEVVETD,1
WTDKGCFCEDKLHSCVIERKN,1
YDQREPQAWCRPNENQSWT,1
ADMLEQYNPNYTTPELNLL,1
ASGFTFSNYAMHWVR,1
EALSQLTSQLQKNFQAISSS,1
GKVSNAITTTSDGFNSMASA,1
GLEWVAVISYDGGNK,1
IGNITLALGKVSNAITTTSD,1
ITGRLAALNAYVSQTLTQY,1
KYYADSVKGRFTISR,1
LDWLNRIETYVKWPWYVWLL,1
MHWVRQAPGKGLEW,1
QAPGKGLEWVAVISY,1
QLQKNFQAISSSIAEIYNRL,1
RFLWQLKFECHFFNGTERVR,1
SDVGEYRAVTELGRPDAEYWN,1
SQKDLLEQRRAAVDTYCR,1
TFQEIVIDYIDINKTIADML,1
VAVISYDGGNKYYAD,1
YNRLEKVEADAQVDRLITGR,1
AELENQVHRLEQELK,1
APAPQPAPAPKPEKP,1
APEAPAEQPKPAPAP,1
DAEEVAPQAKIAELE,1
DPNNANPNVDPNANPNV,1
EDYAKEGFRAPLQSK,1
KREEEAKTKFNTVRA,1
LEEAKAKLEEAEKKA,1
LQSKLDAKKAKLSKL,1
PEKPAPAPETPAPEA,1
PNANPNANPNANPNANP,1
QELKEIDESESEDYA,1
SMATGWLQNNGSWYY,1
SWYYLNSNGAMATGW,1
TEADLKKAVNEPEKP,1
TGWVKDGDTWYYLEA,1
VNGSWYYLNANGAMA,1
YLEASGAMKASQWFK,1
DVRIWPLDPSLLGEP,1
GWYTYMLLPAALTGL,1
TQSVPVRCPARRRQS,1
TLVVNRLRGSLKICAVKAPG,1
TVPGGGTTYIRAIAALEGLK,1
DILLTQSPAILSVSP,1
KPVSPMRMATPLLMR,1
MRMATPLLMRPLSMD,1
IMVAFKGVWTQAFWK,1
SFLLDILGATGSDSLTLV,1
CPTPCQLQAEQAFLRTV,1
HSHGITYKKATVKKS,1
NYHSGYYRPNKQHGN,1
STGFYLCTARSSLGS,1
VICTTKQYTRRCLSK,1
AKRLDACQDQLLE,1
PIVQLQGDSNCLKCFR,1
ENIQRFLPNPAGVQLEDPEF,1
TPSYVAFTDTERLIG,1
FNEIRRVLLEENAGGEQEER,1
LQNHRIVQIEAKPNTLVLPK,1
QKESHFVSARPQSQSQSPSS,1
TSRNNPFYFPSRRFSTRYGN,1
AVNIVGYSNAQGVDY,1
DSLSPRRAGAKAGPGLSPGT,1
LRQMRTVTPIRMQGG,1
HKHYLVCNYGPSGN,1
NDFLKTGHYTQMVWA,1
CVENPNPTCNENNGGCDADA,1
ENNGGCDADAKCTEEDSGSN,1
HLDEREECKCLLNYKQEGDK,1
KCTEEDSGSNGKKITCECTK,1
LLNYKQEGDKCVENPNPTCN,1
NISQHQCVKKQCPQNSGCFR,1
QCPQNSGCFRHLDEREECKC,1
VVFFKNIILIGFL,1
EGFTRLSFTAEEKAAH,1
RNIPPRMFTAEEKAEA,1
NIRFRYIVLQDTCSK,1
PGAIGTDGTPGAKGP,1
PGEVGFAGSPGARGF,1
QMTFLRLLSASAHQN,1
RRVTETRSSFSRVSGSPSSGF,1
DIKFLPFKVVEKKTKPYIQV,1
DNQPTVTIKVYEGERPLTKD,1
EDKKEDVGTVVGIDLGTTYS,1
GSAGPPPTGEEDTAELHHHH,1
IFLGPEPKSVVQ,1
KELEEIVQPIISKLYGSAGP,1
NRLTPEEIERMVNDAEKFAE,1
RSTMKPVQKVLEDSDLKKSD,1
ALREKVLGLPAIKAW,1
ATDYENYAIVEGCPA,1
EVVKANGGYLAAGKL,1
FLLSYGEKDFEDYRF,1
HMAKEDLVANQPNLK,1
IRFSVRRFHPKLGDK,1
LDYERFRGSWIIAAG,1
LDYLNHMAKEDLVAN,1
NGGYLAAGKLTWADF,1
QPNLKALREKVLGLP,1
QTHQSVAISRYLGKQ,1
TKKFDEVVKANGGYL,1
VIYVQIRFSVRRFHP,1
VLGLPAIKAWVAKRP,1
YFVAILDYLNHMAKE,1
ANYTAHGSETAWADP,1
GMIKSNDGPPIL,1
KNDMVINLNQEL,1
LVDVTLGSTHVT,1
VAFNMFTDNVDQ,1
AAIANYHYDADENSK,1
KDDWENLEIDMIVDT,1
MAPSYKLTYCPVKAL,1
PAIKAWVAKRPPTDL,1
PLKKETIPYYTKKFD,1
QKKWDPLKKETIPYY,1
TIPYYTKKFDEVVKA,1
AKEFLENYLLTDEGLEA,1
KISQAVHAAHAEINEAGR,1
KLIAYPIAVEALSL,1
AELKKQSKPVT,1
LLILRAIPKGIRDKGAK,1
TGKIINFIKFDTGNL,1
GSNPNYLAMLVKFVADDGDI,1
IAPYHFDLSGKAFGAMAKPG,1
AWDQPIADNKTKEGR,1
KYDFDGVNRGTRGTS,1
LGYTFQDSQHNNGGK,1
NAGVTVTPLLLGYTF,1
RVFFDTNKSNIKDQY,1
TRGTSEEGTLGNAGV,1
VGAALGIELTPWLGF,1
ALQQIMENQSDRLQGRQQEQ,1
CQSQLERANLRPCEQHLMQK,1
ERANLRPCEQHLMQKIQRDE,1
FEAQKARANKAVD,1
FENNQRCMCEALQQIMENQS,1
GSSQHQERCCNELNEFENNQ,1
NELNEFENNQRCMCEALQQI,1
QERCCNELNEFENNQRCMCE,1
QGDRRCQSQLERANLRPCEQ,1
VALALFLLAAHASARQQWEL,1
CHHLDKSIKEDVQFADSRI,1
DWVSLWKGFSF,1
SNLQLIYNLTLCELNGTDWL,1
MAQVEEVRVFEGTE,1
VDSITEVECFLTPEM,1
YLYQLSPPITWPL,1
TLDLNTPVDKTSN,1
ESVAWSASACHDGMG,1
ERTYLVNDKAAKMHA,1
ESPVDQDPDCLFCED,1
EVKEKGMAALPRLIA,1
IFSILVLASTITILK,1
YAYAKWKLCSASAI,1
YKIADPICTFIFSIL,1
DSIAALKDKPDNPAL,1
LLADLQHSINKWSVIY,1
QTLKKPADDANKAVNDS,1
VIYNINSTIVRSMKDLMQ,1
WPSAAERFSLSP,1
FYKNLIWLVKKGNSYPKLSK,1
LVVPRYAFAMERNAGSGIII,1
GLFGAIAGFIEGG,1
LKSTQNAIDEITNKVN,1
QKRAAQAARVEAACG,1
QKRAAQDAAVDAACG,1
AGEAMVLVYYESIAYSF,1
IVKTGERQHGIHIQGSDPGGVRTA,1
CENIVEKYGAKIVSA,1
QSKVWIKMSTSKMPH,1
TKKIFDLTVANRTEA,1
TYPPSNQNKLFKSQC,1
VWDYKIAPLLCSTHL,1
ESSVDDRPMKTVSQD,1
HEYEPLPEDVKKTSE,1
KLIVTSEGAFKYFSK,1
LRQTKVPSLFVESSV,1
TPEQIKTLVEKLRQT,1
YFSKAYGVPSAYIWE,1
FGLVDGLNFAVQYLGKNERD,1
QSIALSSLMVAQAIP,1
GIVKENIIDLTKIDRCFQ,1
LIYYTDFSNSSIA,1
DAENPGGEVFNDNKKGLSRV,1
AGTIAGLNVLRIINE,1
ANGILNVSAVDKSTG,1
GIDFYTSITRARFEE,1
LNVLRIINEPTAAAI,1
YEGERAMTKDNNLLG,1
AGAKKAGAKKAVRKVATPKK,1
DKVGINYWLAHKALCSEK,1
GGVSLPEWVCTTFHTSGY,1
IFDSRGNPTVEVDLF,1
KRIAKAVNEKSCNCL,1
MSSDSAVAALSAAMTSPQKS,1
DSYKFIPTLVAAV,1
ESYKFIPALEAAV,1
AAIFLYNLSVKSGYFL,1
AFVFLQILNNLVTAYMLM,1
AGAFHLLMAESLRIHYA,1
AIYFVFLRTSKNLELVES,1
AKDMKIMQNIAQTISLIAGQK,1
AKKLLKLLNGIKSKVN,1
ALGLLALGSSLAMILGLPLGRI,1
ALLFLHLFNGLSTSLPL,1
CLEWINKQTSLLRKNI,1
CYYETADAFKVIM,1
DAYYNYLNNLVLASYNR,1
DGWFNFVSTNFSNSLLIKNP,1
DPKELLARIQSLLRRSHKKE,1
DSLKLALKIEKLLSYGLTMA,1
EEPYFLISNLPYYIATR,1
EMLFNFLKEQLNKLLGLLRLF,1
FKEVLLSYQSKLGPMKWLE,1
FLAIGFIYALKRNALSWQK,1
FPTLLLIVTLYRLALNVATTRM,1
GMILFYFIKSLGNNLLHKN,1
HIGSQLVLKLLSLQLTQPVRYK,1
HYLFKGFSALENLQVASI,1
IDSFYQAFNHPLRPLLLIV,1
IEKLVLARALKLVLAV,1
IEQIKRYLKASVENLNDNE,1
IQVVLELLKALSFRKIILN,1
IVGLLHSLDSLKLALK,1
IYLFPLISLRLKFGLKAEKS,1
KALFLGLKTANILKP,1
KGRVGILHGNKTYLLQNN,1
KKRFMKLNINVSLPQTLSLK,1
KSAFVMANNLIEATQ,1
LEAIRQLKLSVANSVNFA,1
LGLLKLVAQRRNLLKYI,1
LKLYQWILKQKSMASEEI,1
LLDYKLLQLFKLFENALFSLI,1
LLIIAIYALNSKKLLELN,1
LMEYNLLPLLLSLLSKKKTLTSSGL,1
LQWLSFILSLKKRLLPLLLSL,1
LVVYGGLNAINTALLPSE,1
MQILIRKTKNNPILLIKP,1
MQKYMQIVRYLTILITLI,1
MWPFLRSSVRLISILSADLFNT,1
NTGVINILNSASRVAKNG,1
PLRLLENLKALFLGLK,1
QDFLRRVQELRINMQKNFISFDA,1
QNLYKYIVSLANLMALEK,1
REKLQLILTLSRNASLYLNGA,1
RHRIKMGASLLQIYSA,1
RINLKALQNILNNAKSAHFKFV,1
RLPIVLNLVNRALAAPLNRA,1
RNPILHFMRLKPKGLNNI,1
RRNLLKYIKAPSLNGASA,1
RTYIKVLRKLLGSANKI,1
SIGWAYQYALSSDSKNLSDLK,1
SKEFIPELNKLGSLFGQGE,1
SKKLLELNRMISHIFFIS,1
SNDRILLIKPLQIGVD,1
SQDFVLIFSVHGLPKSVIDAG,1
SQIFRRVFSLIPVI,1
THPEIYLFKKLGVSLLKRI,1
TINVYYFNHGNLSFTYRR,1
TKRIKVAASTLRTYI,1
TLIEGLMMAKALSLSLNLP,1
AARVTQILSSLTITQLLKRLHQWI,1
AQGYKVLVLNPSVAATLGFG,1
DQMWKCLIRLKPTLHGPTP,1
GIAYFSMVGNWAKVL,1
KLPINALSNSLLRHH,1
LENLVVLNAASVAGAHW,1
LGNIIQRLHGLSAFSLHSY,1
LMAFTAAVTSPLTTS,1
PGEINRVASCLRKLGVPPLRAY,1
VDLLVNLLPAILSPGA,1
VPPLRVWRHRARSVRAKLLSQGGRA,1
WARMILMTHFFSVLIARDQLEQ,1
KPDSVTPMILKAQKGGNL,1
FAGAAGSAKSAAGTASHVSI,1
PPEQPFHSYGVTYTFATDA,1
PPERPFQATGITYTFPTDA,1
PPERPFQTTDITYTFTTDA,1
DRNTQRQTVRYSVSE,1
ENAYEYLKHNGLETE,1
FAGHGKAYLHGSFDK,1
FASFDVPSKQPTIDIDLCDI,1
FVPLYSSKSATSVGTPTRVS,1
FYMFEDFLVYKSGIY,1
GVENGVKYWLIANSWNEGWG,1
ISEIRDQSSTSSTWAVSSAS,1
ISFSEQQLVDTSGPW,1
KGAGSSQDACIKFIQYEVDG,1
LDPYFNLVSPEVYNY,1
QTCSPLRVNHAVLAVGYGTQ,1
TVNLVKRLLQNSVVE,1
YEKYEDDYARETPYD,1
YTEPRSVTPEERSVFQPMIL,1
DFWQMVWESGCTVIVMLTPLVEDGV,1
TVEVVEGMQFDRGYISPYFV,1
DIFERIAGEASRLAH,1
EASEAYLVGLFEDTN,1
LGKVTIAQGGVLPNI,1
LRKGNYAERVGAGAP,1
QAVLLPKKTESQKTK,1
QSSAVMALQEASEAY,1
CAELCDPSNKPGHLL,1
DRIEKDRLQGMAPAA,1
EEVRKLKARVDELER,1
ELWMFVRKKLMMEQE,1
GMAPAAGADLDKIGL,1
HSDSQEELWMFVRKK,1
IRRSILPYGDSMDRI,1
KARVDELERIRRSIL,1
PYGDSMDRIEKDRLQ,1
FGINAENNHRIFLAG,1
GQFEDFFPASSRDQS,1
IDQIEKQAKDLAFPG,1
ECDFQEFMAFVAMVTTACHEFFEHE,1
KAMVALIDVFHQYSGREGDK,1
KHKLKKSELKELINNELSHFLE,1
REGDKHKLKKSELKEL,1
KGGFTFTDQNNQALSSTAV,1
NATAMVAQINAVNKPQTVS,1
TRMQTQINGLNQGVSNAND,1
VQASNGPLSASDASAL,1
AIKLTSSAGVLS,1
AVVPVLAYAAARLLL,1
DKDLLENGAIFV,1
FLAPDDQIKKNV,1
GNRFLAPDDQIK,1
GSSQIWIDHCSL,1
KNIIIHNINIHD,1
QIWIDHCSLSKS,1
RWGTYAIGGSSA,1
SAGMIPAEPGEA,1
SDKTIDGRGVKV,1
TIDGRGVKVEII,1
TSGSDPVLTPVQ,1
EWQVAAENSDDTKFK,1
DGTQQFYHYASSVKPARVIF,1
QDNSAKKEATPATPSKPTPS,1
QSGQFWRKFEVYEGDKKLPI,1
RCLLGFKEVGGKCVPASI,1
TAKDGMEYYNKMGELYKQ,1
TLERQVYELNKIQDKLPEKL,1
VSYDTVKDYAYIRFSVSNGT,1
ATGFFAKKEAAEKHL,1
GRFDGTVEVKEGGFE,1
PAHLLKYDTTQGRFD,1
TRINDLTDPNMLAHL,1
CIIHRGKPFQLEAVFEANQNTKTA,1
KIEIKASIDGLEVDVPGIDPNACH,1
FLLMDALKLSI,1
AAMASASLVTVAVPATANAD,1
PDAGPPQRWFVVWLGTANNP,1
PGTRINQETVSLDANGVSGS,1
FRKKVILEDKVKNF,1
KAKFAGRNFRNPLAK,1
VIGMDVAASEFFRSG,1
VPRLPEQGSSSRAEDSPEG,1
TPPSVVGGLGVTMVH,1
VIMGNWENHWIYWVG,1
ENNHRIFLAGDKDNV,1
GRIRVLQRFDQRSRQ,1
MMLTCVEIKEGALML,1
PDLSNNFGKLFEVKP,1
QGGKGPLLSILKAFN,1
SYLQGFSRNTLEAAF,1
RASRVAEQLFRKFLKF,1
STNKAVVSLSNGVSVLTSKVLDLK,1
VNILVKQISTPKGPSLR,1
YTDKLIHLTNALAKAVIH,1
LRVGGRCHPHVNGVF,1
WTSYGILIARKGDRI,1
YTRIMMNGGRLKRSH,1
AGFKGEQGKGEP,1
AAVTLLEQPNPSKLA,1
AKGMMHMIKKGANGS,1
ASLKPEFVQIINAKN,1
AVFGEIRTTKRFPID,1
AVRLSKDIAADLQGE,1
CPTNLGTTVRASVRI,1
DKKVYRVFESTVTGR,1
DPSIHVLKMVAELTH,1
DRKMYWQFKMDKIQI,1
DRTGVRVLTMCPGVT,1
DSFIADLVVGLSTGQ,1
DTKLRIMKNHQFTNC,1
DVDTLGNLDPAGEYI,1
DVLQWQTIPYTTIHN,1
ERYQLVSYKLVSRSG,1
EYFKVAFKPTSPVPN,1
FGSTLLDVIQSGLEN,1
FQINLDFKNHNGFIR,1
FRKFSNNFEFSYLLG,1
GGFKKTDKHPPKDWG,1
GIRIYVDVVLNQMSG,1
GQEYTFYVIVTPYAK,1
HDDRLGFLTFCPTNL,1
HHQRLFMVQSLERVV,1
HIVFPSYEIEMFYDG,1
IEDYHGGFKKTDKHP,1
IMHREDMQDIVVPAF,1
INYNLKQHETFKRRV,1
KEFANVVRVVRHTSK,1
KINYDSLYNLNNIGS,1
KLGDKEMIQHYTLDQ,1
KTPVLSVNATVVRLQ,1
KVIDLLLSLYLDQNE,1
LVFLRNAKIELKPNQ,1
MALTGDATAVVLDMT,1
MKLFPLVALLVLVVG,1
PAYFKMNSPSLWKYN,1
PVYVRVFLGPKYNYY,1
QFHQPLVSHQMRLSQ,1
QFYYFYQQIYARYML,1
QTLFAGYFDNTIRVW,1
QVYRRLVTAVNDIEK,1
RGNNAIKWLVNFGVG,1
RIKAFLALVECPCNK,1
RILLRLHRCFQVLGR,1
RLFGAEVGWLALHHN,1
RSAIVHLFEWKFADI,1
RVPFSHDDRLGFLTF,1
SLLLNGGCKVSNYDE,1
STSLVKAHSMRNSAS,1
SYEIEMFYDGSRIMI,1
TPNMYFKDVVIYHKK,1
VEALFLLMKADPSIH,1
WCNEEDHLRIISMQM,1
WVPSKKCHLTNIACL,1
YTLDQVNQHKKAIEE,1
YVYALPTKAAHIVFP,1
LPVGAANFREAMRIG,1
RYMGKGVSKAVEHIN,1
AIAQRKLSALSAELE,1
EATQRELRATQAELQ,1
ETQACLRKKDRRVKE,1
KKQADQLRALQSSFE,1
QFEIDRLAAALADAE,1
SNVASLKGFIT,1
YLVLASLIACS,1
APGAYKSVEVKGDGG,1
NTALFKAIEAYLIAN,1
QAPEYRGRTELLKDAIGEGKVTLRI,1
TVRTDAVNKEAL,1
FGKQGFFPDSVNKALY,1
LRYQKDKKGISTSAASPAVG,1
SQVEQFLHRNIQEYLSILTD,1
DVAGIVGVPVAAGCT,1
ELLAITTVVGNQ,1
FMLQILDFYTKVYE,1
FRYPRPKHCHTQ,1
GAGGEDPESFYRAFSWEVLE,1
HPSYKKLRARIRKDTVFIVP,1
IRSKSINSATHYAES,1
KAAGLFNAPASQLAR,1
QSPAILSVSPGERVS,1
SYNMHWVKQTPGRGL,1
ASMAHNREELLRSLES,1
AWIGFWLILLVMLVVA,1
DCFIYEDQIRPQDRE,1
DEENGLDEYDEVPMPV,1
DQRNQELQWVEEAAH,1
EEAFFSFCESNNLEY,1
EEELENIIGQIAYRDLT,1
EGGSEGPSTSGTLKI,1
EKPVLGFVRLKEAVPLE,1
ENLREDGVWGRPHLS,1
EPLLPHQPSLETQLY,1
ESQITTLIVSKPERK,1
ETQLYCGQAEGGSEG,1
FHLDLLLVVGMGGVAA,1
FKPPKYHPDVPFVKR,1
GTLKIPPDSETTLVLVG,1
IYETFSKLIKIFQDY,1
KIFQDYPLQQTYAPV,1
KPERKMIKGSGFHLDL,1
LGLYRLFPTWMMFASV,1
LGNLEGVKPAVLTRSG,1
LGPEAPHVDYTQLGR,1
LISTAVQGILFALLGA,1
LLAMTLRKFKNSTYF,1
LRRTGRIFGGLIRDI,1
LSILMEPILSRIPLA,1
LSPQVLAAVIFIYFAA,1
LVFILIFLESQITTL,1
LVLVGRANFLEKPVL,1
LYMGVTSLSGIQLFD,1
MGGVAALFGMPWLSA,1
MQDPEALPTEQTATD,1
NSTYFPGKLRRVIGD,1
PEPVGFLLVLLGPEA,1
PFVKRVKTWRMHLFTG,1
PQGPVPNTALFSLVL,1
PSEKALLNLVPVQKE,1
PSPAKPDPNLYNTLD,1
PVQKELLRRRYLPSPAK,1
PWLSATTVRSVTHANA,1
PYYLSDITDALSPQV,1
RSLESFLDCSLVLPPTD,1
RVIGDFGVPISILIM,1
SFIKGTYTQKLSVPD,1
SLLELQKVFSKGTFL,1
SLVLPPTDAPSEKAL,1
SNNLEYIVGRAWIGF,1
STPASLALPFVLILT,1
TFGGLLGEKTRNLMG,1
TRNLMGVSELLISTA,1
TSLAGVANHLLDCFIYED,1
TSTPHPSSGQVYVELQ,1
TYAPVVMKPKPQGPV,1
VLILTVPLRRLILPLIFR,1
YNTLDLNGGKGGPGD,1
YRDLTIPVTEMQDPE,1
YTQLGRAAATLMTER,1
YVELQELMMDQRNQE,1
EARPALLTSRLRFIPK,1
SFIHIYLYRNIRIQL,1
LDVVCAMIEGAQG,1
PIKDQADEAQYCQLVRQLLD,1
RIAHRIKGFRSLPFIIGCNP,1
DPHEYEVKPKDIKKLTDADV,1
KHKLKHLLVETSVDKKAMES,1
NALYNYSIPRPNVTSNL,1
SGKVVEENPKAIKSGDS,1
DCNLSGDVVFNFSKNAKISV,1
DEEIIRMMQILIRKTK,1
DEMLSQGFADQIYEIFRFLPKDIQVALFSA,1
DFDSVIDCNTCVTQTVDF,1
DKLKQQRDTLSTQKET,1
DLNLPRLNALSAWLL,1
DNKKTRIIPRHLQLA,1
DNQLQNGIKRVKEFL,1
AEFFRNIYANNLKLARKIFKDTL,1
DSDVGEFRAVTELGRPDAEY,1
DYIIDHVDQHNATEI,1
EALEILQQNKILANFV,1
EEPIAPYHFDLSGHAFGAMA,1
EKKATEAKQKVDAEE,1
EKLKHILGKARFIKLN,1
ENPVVAFFKNIVTPR,1
ENPVVHFFYNIVTPRTP,1
ENQLKEARFLAEEAD,1
EQVAQYKALPVVLENA,1
ERMRKVLENRSLSDE,1
ERMSRLSKVAPVIKA,1
ERVRYLDRYFHNQEENVRFD,1
ESSPNTQWELRAFMA,1
EVVETDGKKKECSS,1
FEELIKFSFHTNVLEDNIGY,1
FFYFFTGSSQLEFDP,1
FKPVIIYNFLQSLRLLSDSME,1
FVNQHLCGSHLVEALYLVCGERGFFYTPKA,1
GAGSLQPLALEGSLQKRGIV,1
GALCILLLMITLLLIALWNL,1
AGLAYKFVVPGAATPYAGEP,1
GDGKMKELSPRWYFY,1
GGAYDTYKCIPSLEAAVKQA,1
GGVGLASTLWYAESNALSKRLGEL,1
GIAGNKGDQGPKGEP,1
GKDFFKPLRILLTGNSHGVEF,1
GKKITCECTKPDSYPLFDGI,1
GKKVIAQDVIPVNWKPDTVY,1
GKMVAPSFTAEEKAQK,1
GLIGLIGPPGEQGEK,1
GLILGLLRRHASSLIVFKL,1
GNIEGQWALKNHSLVSLSEQVLVSCDNIDD,1
GPRRPPRGPPLSSSLGLALL,1
GSHSLRYFLTAVSRPGLGE,1
GSILKISNKYHT,1
GTLVRIAPVIGACMARQA,1
GVLPNIQAVLLPKKT,1
GWYRSPFSRVVH,1
HLMQKIQRDEDSYERDPYSP,1
HNYGVGESFTVQRR,1
HSFYELYQSLIAMQKRSLKNQ,1
HSLGKQLGHPDKF,1
ICARQDPAGNCS,1
IEIGLEGKGFEPTLEALFGK,1
IEMLFYMKNLERKKLQSS,1
IGGRVHFFKDISPIASSE,1
IGKEFKRIVQRIKDF,1
IHAQQKEPMIGVNQELAY,1
ILKISNKYHTKG,1
ILLQYVVKSFDR,1
IPAARLFKAFIL,1
IPQSLDSWWTSL,1
IPTNGDVVVVSTDALMTG,1
IRRVTRVYHNGITGETTT,1
ISFSKDCMGEAVQNTV,1
ISIKYDPRKDSEVFA,1
ISVLKSRLLKRKKYI,1
ITAYAWVVSLGSLPLMLL,1
ITGEYVQILDAHAAY,1
IVDTISDFRAAIANYHYDAD,1
ALEKAASEEMDKAVA,1
KEGDVFIMPAAHPVAINASS,1
KGGKGLGKGGAKRHR,1
KGPFYQSFRSKVKKILSTL,1
KGTGNKNKITITNDQNRLTP,1
KHIQKEDVPSERYLGYLE,1
KIAPQDQDSFLDDQPGVRPIPSFDDMPLHQ,1
KIDVENLIKNSKALMDLEV,1
KISNEIKIVATP,1
KISNKYHTKGDH,1
KKQGVIAKNAYSLILILQMS,1
KNCFLYFKNHSKIGKIF,1
KRHRKVLRDNIQGITKPAIRRLAR,1
KTNYQAFLNLLEIARSKKAKVI,1
KYLTEMSRASDILSH,1
KYVKDRVDEVDH,1
LADAGCSGGAYDIIICDE,1
LAKEWQALCAYQAEPNTCATAQGEGNIK,1
LAKLSDGVAVLKVGG,1
LEKISNEIKIVA,1
LFLAILIWMYYHGQRHSDEH,1
LILLIIALYLQQNWWTLLVD,1
LIPIMYLNSLRNPILHFM,1
LLENGAIFVTSG,1
LNTATTKLAEASQAA,1
LRDTNVTAVPASGAPAAVSVLGAS,1
LRDYLLQNNALKASFI,1
AMKLEKDNAMDRADT,1
LTDDIMCVKKILDKVGIN,1
LTLMNVKNIIIH,1
LVTRHADVIPVRRRGDSR,1
LWYYIALKKLRKAFPNKYVKM,1
LYFGGVVTLCFGLSLNHGVLVVGFNRQAKP,1
AAILRRHIDLLVGSATLCSALY,1
LYKHPDNIDVWLGGLAENFL,1
MDHARHGFLPRHRDTGILDS,1
MMIARFKMFPEVKEKGMAAL,1
MQWNSTAFHQTLQDPRVRGLYLPAGGSS,1
MTCENQNPCFPIQLP,1
NALENFKNVLVIHSLSKRSSAPG,1
NDGGPPQLTEEVENKGGDQG,1
NELFKFNRLHTKISILQIIG,1
ASDYKSAHKGFKGVDAQGT,1
NFIRMVISNPAAT,1
NTVYFGFDKYDITGE,1
NVAGSSQIWIDH,1
ASGGTFSSFAINWVRQAPGQ,1
NYETETTSVIPAARL,1
PDDQIKKNVLAR,1
PDSYPLFDGIFCSSSN,1
PEHKKEENMLSHLYVSSKDKENISKEND,1
PINTNSGPDDQIGYY,1
PIRALVGDEVELPCRISPGK,1
ASQARPSQRHG,1
PKYVKQNTLKLAT,1
PPAYRPPNAPILSTL,1
PPNPPNPPNPDIPERKPNIP,1
PQTQQPQQPFPQPQ,1
PSDQHIEKYLQKIRNSLSTEWS,1
PSTVKAGELEKIISRCQVCM,1
ASQKRPSQRSK,1
PSWGLARVGSKKPGGTTYYY,1
PTGPLGPKGQTGELGIAGFKGEQGPK,1
PVIKARMMEYGTTMV,1
QAPLKFHFGLNLKLYQWIL,1
ASQYRPSQRHG,1
QFKRELRNLPQQCGLRAPQR,1
QHTILKDLVKLLNAFNGPFKSN,1
QKLFKTLQSLFADFN,1
QLLRLKKYKVPQLEIVPN,1
QLQPFPQPELPYPQPQS,1
QLVEKDKALSNAEGE,1
QQNWWTLLVDLLWLLLFLAI,1
QQWELQGDRRCQSQLERANL,1
QTGKPGIAGFKGEQGPKGEP,1
RALPVVLENARILKNCV,1
RAVESYLLAHSDAYN,1
RCMCEALQQIMENQSDRLQG,1
RFGISNYCQIYPPNV,1
RILKNCVDAKMTEEDKE,1
RKVLENRSLSDEERM,1
RPCEQHLMQKIQRDEDSYER,1
RPFERDISNVPFS,1
RQIRMAKLLGRDPEQS,1
RQQEQQFKRELRNLPQQCGL,1
RRILEAKQKGFV,1
ATGPLGPKGQTGEPGAPGNKGEQGPK,1
RSRYLTAAAVTAVLQ,1
SDPVLTPVQSAG,1
SFSVPTGQPRPSHHGVFAFL,1
SGIPYVISYLHPGNTVMHVD,1
SHLVEALYLVCGGEG,1
SLSVLLLISLKDRFLNNN,1
SLSVYDLESKAVIAEL,1
SNEIKIVATPDG,1
SNEILRLKGLMNSILAQNSGQSLEQ,1
SNKYHTKGDHEV,1
SPATWTTRGFVFTRHSQTTA,1
SPSLWEIEIAKQLASV,1
SQKDLLEQKRGRVDNYCR,1
AVQNTVEDLKLNTLGR,1
SSEWVLENAKNPKAILI,1
SYQPLGDKVNFFR,1
AWYYVPLGTQYTDAPSFS,1
TEDQAMEDIKQMEAESIS,1
TEHAKRKTVTAMDVV,1
TERVRLLERCIYNQEESVRFD,1
TKFILVLTGEERQGV,1
TSAGSEGTGQALASPGSCLE,1
TSQASDDATAGATTTQAPVEAPEPPH,1
TVFEAAFNKAIK,1
VAATLGFGAYMSKAHGVD,1
VIPVRRRGDSRGSLLSPR,1
CHGSEPCIIHRGKPF,1
VIVELIPSTSSAV,1
VKDRVDEVDHTN,1
VNDVCNFASRNDYSYWLSTPA,1
VNKIKHQEVLKLLSLQFEKS,1
VQRIKDFLRNLVPRT,1
CIPYVRGGGAVPPAC,1
VSLGKWLGHPDKF,1
VTEEAACLCAAFANHSGRPF,1
WTTCGSIAFPSKTSASIGSL,1
YFYYLGTGPEASL,1
CLHYTVDKSKPK,1
YLGYLEQLLRLKKYKVPQ,1
ADFSNYGAVVDVYAPGKDIT,0
AGDGPPLCSQNLGAPGGGPD,0
AGWLADRSVRYPI,0
AKPRKISVDRGNNGHQTINK,0
AKYLWEWASVRFS,0
ALWNLHGQALFLGIVLFIFG,0
AMVYLGAKDSTR,0
APGERPSGMFDSSVLCEC,0
APITAYAQQTRGLLGCII,0
APTGSGKSTKVPAAYAAK,0
CARAQAPPPSWDQMRKCL,0
CGYKDVDKAPFNGMTGCGNT,0
CNTCVTQTVDFSLDPTFT,0
CPPYVEVCQGNVQAA,0
DAGIFMAVAAGNENMDAQHS,0
DATYSRCGSGPWITPRCLVD,0
DAWREGEEFVVEFDLPGIKA,0
DCNGHGTHVAGTVGGTKYGL,0
DDEDLDEFKPIVQYDNFQD,0
DDIKATYDKGILTVSVAVSE,0
DDNGPHDPLPQDPDNTDDNG,0
DDSPDLPKLKPD,0
DGGGGHSHDSGHGGGDPHLP,0
DKILVQAGEAETMTP,0
DLAVELAYLGNL,0
DNEILQIVDELSEDITKYFMKL,0
DNPIDSCWRGDSNWAQNRMK,0
DNYANLEKFRALSKI,0
DPHLPTLLLGSSGSGGDDDD,0
DSNSNEGRHHLLVSGAGDGP,0
DVLAVAFSPDDRLIVSAGRD,0
EAAKPAPAPSTN,0
ECYDAGCAWYELMPAETT,0
EDKDLDEPEQFRLPEENEWN,0
EDSEKEVPSDVPKNPEDDRE,0
EEKPAEPEPVAEEEPKHETK,0
EENIGIYKELEDLIEKNENL,0
EEVALSTTGEIPFYGKAI,0
EGVAVLGTYSNHTS,0
ENANQLVVILTDGIPDSIQD,0
ENFDIPKKPENKHDNQNNLP,0
EPLDVPDEPEDDQPRPRGDN,0
EQVLGTSARPAVMPMDAWRE,0
ERDPANIPWDKD,0
ERKQSDPQSQDNNGNRHVPN,0
ERVQDNIVNRISDRLISYCT,0
EVCNDEVDLYLLMDCSGSIR,0
FAERSVQKLQKEVDR,0
FAVEKPNENIIDNNPQEPSP,0
FGSDYEDRYYREN,0
FLGIVLFIFGCLLVLGIWIY,0
FLVGCHPSDGKCNLYADSAW,0
FLVNGRDVQNNIVDEIKYRE,0
FQRPTISSNSHAIFR,0
FVSCVSLAHATDYALTASWD,0
GAYYGSGTPSSFP,0
GDSRGSLLSPRPISYLKG,0
GDVVAVDIKEKGKDKWIELK,0
GENFVDQQNTDCNGHGTHVA,0
GFPGQDGLAGPKGAPGER,0
GGDQGPPLMTDGGGGHSHDS,0
GGSILQTNFKSLSSTEF,0
GHAVGLFRAAVCTRGVAK,0
GKAIPLEVIKGGRHLIFC,0
GLIVDTRDVEERVHV,0
GNENMDAQHSSPASEPSVCT,0
GNVQAAKDGGNTAAGR,0
GPLLCPTGHAVGLFRAAV,0
GVCWTVYHGAGTRTIASP,0
GYYYPSDPNTFFYAPPYSA,0
HEDFQGRAKWGENFVDQQNT,0
HGVDPNIRTGVRTITTGS,0
HHDDSLPHPQQATDDSGHES,0
HKVEQGASVDKRHD,0
HQFERRAKYKKEPV,0
HTLETVNISDVNDFQISKY,0
HVSGHRMAWDMMMNWA,0
IALMFVCLIIMWLIC,0
IDDYLWVEQRVIEEVSINV,0
IDNNPQEPSPNPEEGKGENP,0
IFSGNMNIKLKMPMYIAGYK,0
IGTLKKILDETVKDKLAK,0
IIRFDENGVLLNNSF,0
IISIMIAILNKLCE,0
IKDRISVVQALVLT,0
ILTVSVAVSEGKPTEKHIQI,0
IVYPLPLTDIHNSL,0
IWIDHNSFSNSSDGLVDVTL,0
KALFRRCAADYASRL,0
KEENVEHDAEENVEHDA,0
KGDTKMSAEDKALFR,0
KHNNTPKHPEREEHEKPDNN,0
KPEPYYLIVLKKEVD,0
KRLHQWISSESTTPCSGSWLKD,0
KTEEPAAPPASEQETADATP,0
KTNLKHVAGAAAA,0
KVFCGIVAHQRGN,0
LAMKLIQQLNLNDNAIHLYA,0
LGKQGGPGLCDTIKKMANDV,0
LGNVLINESFGVEPVHPQDG,0
LLEMLWRLGATIWQLLAFFL,0
LLMDCSGSIRRHNWVNHAVP,0
LLVLLDYQGMLPV,0
LNDNAIHLYASVFSNNAREI,0
LRPTFDTRLMRLEDEMKEGR,0
LSAEKASKDGEIHRG,0
LSPRPISYLKGSSGGPLL,0
LSQTKQSGENFPYLVAYQ,0
LTPCISTTILDLTT,0
LVALGINAVAYYRGL,0
LVLGENLDTERILASYQEGV,0
LYGFVTLTLICSLIT,0
MEPAFDQFRQTYRQWIIEAM,0
MKAVCVEVEKTASCGVWDEW,0
MKLLHKVGSTKYKK,0
MNHLGNVKYLVIVFLIFFDL,0
MNTPGLPVCQDHLGFWEG,0
MSYSWTGALVTPCAAE,0
NEVFSNKLINHKHMN,0
NKGAFKYIKPQSQFI,0
NKHDNQNNLPNDKSDRYIPY,0
NLGAPGGGPDNGPQDPDNTD,0
NMSLGGPRSEASNQAAKAIS,0
NPEEGKGENPNGFDLDENPE,0
NPFDYTKEPSKNIYT,0
NPPNPPNPPNPPNPPNPPNP,0
NQIAFSPNRFWMCVATERS,0
NQVYYRPMDEYSN,0
NSYGDLMNPDTKEK,0
PETEKAEEVEKIEKTEEPAP,0
PGIKADSLDIDIERNVVTVR,0
PGIYRFVAPGERPSGMFD,0
PRSLFPEFSELFAAFPSFAG,0
QATDDSGHESDSNSNEGRHH,0
QDPDNTDDNGPQDPDNTDDN,0
QETSANVADTEETL,0
QGPIPMTARFIRGLGVPRERQMEPA,0
QQTRGLLGCIITSLTGRD,0
QTINKTAHEIIDA,0
QYMRADQAAGGLR,0
REEHEKPDNNKKKAGSDNKY,0
RGLDVSVIPTSGDVVVVS,0
RGSRPSWGPTDPRRR,0
RGVKIAVFGIGQGINVAFNR,0
RHNWVNHAVPLAMKLIQQLN,0
RKHLNDRINRENANQLVVIL,0
RLEDEMKEGRYEVRAELPGV,0
RQYDPVAALFFFDIDL,0
SAIASGIAVSKVLH,0
SGVIKGMEWAMRQASGGGNG,0
SKKDYEELLEKFYEM,0
SLKESRKLSDRGVKIAVFGI,0
SLKPGGSTDTLSGTSMASPH,0
SMAKLRERLSQRQK,0
SPASEPSVCTVAASTKDDGK,0
SPCSVTCGKGTRSRKREILH,0
SPLSPKVLDNERKQSDPQSQ,0
SPWFTTLISTIMGP,0
SQLIAKFGTAFK,0
SSASAIIAEAQK,0
SSGKYEGGNIYTKKEAFNVE,0
SSGSGGDDDDPHGPVQLSYY,0
SSYANTTSEDGKVM,0
SVRTTTDSGKLITD,0
TASCGVWDEWSPCSVTCGKG,0
TGEIPFYGKAIPLEVIKG,0
TGRDKNQVEGEVQIVSTA,0
THIDAHFLSQTKQSGENF,0
TRSRKREILHEGCTSELQEQ,0
TVDFSLDPTFTIETTTLP,0
TVSHPNIEEVALSTTGEI,0
TVSLPVGADEDDIKATYDKG,0
TYDNECLLCAHKVE,0
VAASTKDDGKADFSNYGAVV,0
VADKYDVQVAIHTDT,0
VAEEEPKHETKETETEAPAA,0
VCGLGAYLIGLGKQGGPGLC,0
VDCYINLGARWSLDY,0
VDQDLVGWPAPQGSRSLT,0
VEGEVQIVSTATQTFLAT,0
VFTDNSSPPAVPQSFQVA,0
VGLGNVNGVTL,0
VIAELTPDGAKPSECISIAW,0
VKEVAAKANDAAG,0
VLDEVIFSKHKGDTK,0
VLVLNPSVAATLGFGAYM,0
VNPAPGTLRYGATRDRPLWI,0
VSRTQRRGRTGRGKPGIY,0
VVTVRAERPGVDPDREMLAA,0
VVVSTDALMTGFTGDFDS,0
WANLMEKIQASVATNPI,0
WNEKYAQAYPNV,0
YAGEPAPFDETLGEEDKDLD,0
YEKAKNAYQKANQAVLKAKEASSYD,0
YEVRAELPGVDPDKDVDIMV,0
YGNKCNFCNAVVE,0
YPKPDCTAEDRPLCG,0
YQAGFFLLTRILTIPQSLD,0
YTKKEAFNVENGNATPQLTK,0
HFKSLGQTYTPADKS,0
VDEIIAKVRSLRP,0
DYLINLKAKINDCNVEKD,0
EKNIFTFNLNLNDILNSR,0
FLNNIETLYKTVNDKIDL,0
FVIHLEAKVLNYTYEKSN,0
INDCNVEKDEAHVKITKL,0
KTVNDKIDLFVIHLEAKV,0
LNYTYEKSNVEVKIKELN,0
NFPNTIISKLIEGKFQD,0
NLNDILNSRLKKRKYFLD,0
SDLKAIDDKIDLFKNPYD,0
SEKYKSDLDSIKKYINDK,0
TPPSPAKTDEQKKESKFL,0
VLESDLMQFKHISSNEYI,0
VNVKDILNSRFNKRENFK,0
NSYVTPICIADKEYT,0
YNHDIALLELDEPLV,0
NLLASSPRLAKYLSNRPATPF,0
WTTSQEAFSHIRIPLPH,0
QERLAKLAGGVAVLY,0
DNILVIQQGQATVTV,0
CTSICSLYQLENYCN,0
HTNVCFWYIPPSLRTLEDNE,0
LCGSHLVEALYLVCG,0
LYNIIKNREGYEMVFDGKPQ,0
LHRSGVLIIHHLQEDYRTY,0
GDSERHFVHQFKGE,0
ANNNYDPWTIYAIGGSSNPTI,0
AVGFGSSTMGGKGGDLYTVT,0
ERANSVTWNPHKMMGVPLQC,0
FNVENGNATPQLTKNAGVLT,0
IRIGCKTSSSCSNWVWQSTQD,0
LYTVTNSDDDPVNPAPGTL,0
SNWVWQSTQDVFYNGAYFVS,0
VYIGNGGPCVFIKRVSNVII,0
YAIGGSSNPTILSEGNSFTAP,0
ARGLTGRPGDA,0
GTSLTIPCYFIDPMH,0
DLFLTGTPDEYVEQVAQYKA,0
ENGLISRVLDGLVMTTISSS,0
GLVMTTISSSKDCMGEAVQN,0
KVNATEPERTAMKKIQDCYV,0
PAGQAEPDRAHYNIVTFCCK,0
QGFFAVQQTCPHCQG,0
AVRQIFGDYKTTICGKGLSATV,0
DLYCYEQLNDSSEEEDEIDGPA,0
GLSLSAPSTGAGGGLPGPG,0
FLGELTSSEVATEV,0
KSMVILTSTVTAGTAE,0
KARMMEYGTTMVSYQPLGDK,0
YDLSYDTGDQALQCGRHVDV,0
YNWELADQPQNLEEILMHCQ,0
ARKLAMVEADLERAE,0
YALKRQGRTLYG,0
LWADCVMATGLYHCKPLVDILILP,0
QGKAHNGRLITANPV,0
VLTDSQKRAAYDQYG,0
IPNIMFFSTMKRPSREKQ,0
VLSDPRKREIFDRYG,0
LSQANRIASEAQKHLKNSQA,0
DTNLASSTIIKEG,0
LPLLANNRERRGIALD,0
NRQLYPEWTEAQRLD,0
RAPVVTHTYLEPGPV,0
SKDLGYDYSYLQDSD,0
STQLIMPVPGILLTG,0
GPRYSTQRGVYLLTSHRTAT,0
GVVHCLQEVLKDYYTLVDRV,0
EVLEFHQSLGALVEGTGHLL,0
KKLPLSLSFLHLTRADLSYP,0
LVTKLNAGLQAASEDPRLLV,0
MGLEALVPLAVIVAIFLLLV,0
RRFEYDDPRFLRLLDLAQEG,0
SLALTVPVLTFIDNHGEAWL,0
TLAWGLLLMILHPDVQRRVQ,0
AAAGAEAGKATTEEQ,0
AAATATATAAVGAAT,0
AADHAAPEDKYEAFV,0
AAFTSSSKAATAKAP,0
AAGVPPADKYRTFVA,0
AAKEDFLGCLVKEIP,0
AAKPAAAATATATAA,0
AALAAAAGVPPADKY,0
AAPAAGYTPATPAAP,0
AAPLSWSKDIYNYME,0
AASGADGTYDITKLG,0
AAYKLAYKTAEGATP,0
ADAGYAPATPAAAGA,0
AEEVKVIPAGELQVI,0
AEGGKATTEEQKLIE,0
AEGLSGEPKGAAESS,0
AEVELRQHGSEEWEP,0
AFALVLLFCALASSC,0
AGIMIFDPYGATISA,0
AITAMSEAQKAAKPA,0
ALHIIAGTPEVHAVK,0
ALTKAITAMSEVQKV,0
ANGKLHDKKSMGDDH,0
ANWIEIMRIKKLTIT,0
APATPAAAGAEAGKA,0
APEVKYTVFETALKK,0
APGAAAAPLSWSKDI,0
APGDSPNTDGIHIGD,0
APPPQLPRPPATPPP,0
APQLPDDLMIRVIAQ,0
APTGMFVAAAKYMVI,0
AQGPKATFEAMYLGT,0
ARVTVKDVTFRNITG,0
ASAAIFGHDGTVWAQ,0
ATAANAAPANDKFTV,0
ATPEAKYDAYVATLS,0
ATPPPPPPPQLGASP,0
ATSPTAEGGKATTEE,0
AVKPAAEEVKVIPAG,0
AVQVTFTVQKGSDPK,0
AVWGKNSCAKNYNCK,0
AWASACGGTGKNTIV,0
AWVDSGAQLGELYYA,0
AYKTAEGATPEAKYD,0
AYPSVLGQTIRNSRW,0
AYVATVSEALRIIAG,0
CKTLTPLMSSKFPEL,0
CNANPGLMKDVAKVF,0
CSGEPVVVHITDDNE,0
CTNAKVTAKGVSEAN,0
CVPKVTFTVEKGSNE,0
DFNEFISFCNANPGL,0
DGQGKAVWGKNSCAK,0
DGTYDITKLGAKPDG,0
DIDLGRNEVVNDVST,0
DINASFRAAMATTAN,0
DKGPGFVVTGRVYCD,0
DKLTGPFTVRYTTEG,0
DSEEPLQGPFNFRFL,0
DVTITAPGDSPNTDG,0
DVVPEKYTIGATYAP,0
EAAFNKAIKESTGGA,0
EAAFTVSSKRNLADA,0
EATTDGLGWYKIEID,0
ECGGILQAYDLRDAP,0
EEWEPLTKKGNVWEV,0
EGHHLASAAIFGHDG,0
EHGSDEWVAMTKGEG,0
EICEVVLAKSPDTTC,0
EITGIMKDFDEPGHL,0
EKDVTDITVKNCVLK,0
ELYYAIHKASTVLAF,0
ENVIDVKLVDANGKL,0
EPFPKRVWEQIFSTW,0
EPGHLAPTGMFVAAA,0
ERIFKRFDTNGDGKI,0
EVELREHGSDEWVAM,0
EVQKVSQPATGAATV,0
EVVNDVSTFSSGLVW,0
EWATPFPHRKGVLFN,0
FAGAWCVPKVTFTVE,0
FAVVDLNKMRAVWVD,0
FDPYGATISATPESA,0
FFHMNIYECKGVTVK,0
FGHDGTVWAQSADFP,0
FKSGRGCGSCFEIKC,0
FLAVALVAGPAGSYA,0
FLAVAVVLGLATSPT,0
FLGCLVKEIPPRLLY,0
FLTGPLNFTGPCKGD,0
FMVAMFLAVAVVLGL,0
FNGGESKLKAEATTD,0
FNIQYVNYWFAPGAA,0
FRAAMATTANVPPAD,0
FRDRARVPLTSNNGI,0
FTVQKGSDPKKLVLD,0
FVHLGHRDNIEDDLL,0
FWAVRGGGGESFGIV,0
GAATVAAGAATTAAG,0
GAMAKKGDEQKLRSA,0
GAQLGELYYAIYKAS,0
GDGKISLSELTDALR,0
GGESFGIVVAWKVRL,0
GGGFGMLLRKYGIAA,0
GGNFAGGGFGMLLRK,0
GITIKKTGQALVVGI,0
GIVVAWKVRLLPVPP,0
GKARTAWVDSGAQLG,0
GKGTLDGQGKAVWGK,0
GKKEEKKEEKKESGD,0
GKWLDAKSTWYGKPT,0
GLGWYKIEIDQDHQE,0
GLNITGVTCGPGHGI,0
GLVPKLDAAYSVAYK,0
GMTGCGNTPIFKSGR,0
GNTPIFKSGRGCGSC,0
GPGSTGLNITGVTCG,0
GQKYFKGNFQRLAIT,0
GRYKDEKDVTDITVK,0
GTKGEAKDVIPEGWK,0
HCNEMSWIQSIPFVH,0
HRDNIEDDLLNRNNT,0
IAFFRKEPLKECGGI,0
IFKISKTVSEGAVDI,0
IHKASTVLAFPAGVC,0
IITPTNVSHIQSAVV,0
IKYTRPGDSLAEVEL,0
ILNTWLVKPGAGIMI,0
INVGFKAAVAAAASV,0
IPKGDFLTGPLNFTG,0
IQSIPFVHLGHRDNI,0
ITAMSEVQKVSQPAT,0
ITDTTIGTGDDCISI,0
ITKGKVDPTDYFRNE,0
ITKLGAKPDGKTDCT,0
KAAVAAAASVPAADK,0
KCKYPEGTKVTFHVE,0
KDVTFRNITGTSSTP,0
KEIYNYMEPYVSKNP,0
KGSNEKHLAVLVKYE,0
KIEIDQDHQEEICEV,0
KIPKKASEGAVDIIN,0
KKEEKKESGDAASGA,0
KKGAGGITIKKTGQA,0
KLIEDINVGFKAAVA,0
KLLPVPPTVTIFKIS,0
KLTITGKGTLDGQGK,0
KLVLDIKYTRPGDSL,0
KNTIVIPKGDFLTGP,0
KNVFDDVVPEKYTIG,0
KQQGIRYANPIAFFR,0
KTDCTKEVEEAWASA,0
KTGQALVVGIYDEPM,0
KTMAVCTNAKVTAKG,0
LAKYKANWIEIMRIK,0
LCSDKQPCNGVTMND,0
LDGNLLSSNDLAKYK,0
LGASPYKLGPSPKAR,0
LHFSEALHIIAGTPE,0
LLAMAVLAALFAGAW,0
LLFCALASSCQVAFS,0
LLNAKFFHMNIYECK,0
LLNRNNSFKPFAEYK,0
LMCEIEGHHLASAAI,0
LNFTGPCKGDSVTIK,0
LNKMRAVWVDGKART,0
LPADLMIRIIAQGPK,0
LQGPFNFRFLTEKGM,0
LRIKSYEDAKSPLTA,0
LSSNDLAKYKANWIE,0
LSYRSLQPETFAVVD,0
LVAGPAGSYAADLGY,0
LVGPFNFRFMSKGGM,0
LVKPGAGIMIFDPYG,0
LVKYEGDTMAEVELR,0
LVLDFCDDALIEGIT,0
LVVGIYDEPMTPGQC,0
MAAHKFMVAMFLAVA,0
MADDMERIFKRFDTN,0
MANSRAFALVLLFCA,0
MASSSSVLLVVALFA,0
MKDFDEPGHLAPTGM,0
MLLRKYGIAAENVID,0
MSMASSSSSSLLAMA,0
MYLGTCKTLTPLMSS,0
NCVLKKSTNGLRIKS,0
NDVSTYASGKVWGQK,0
NFRFLTEKGMKNVFD,0
NGSAEVHRGAVPRRG,0
NKICTSKGDSARVTV,0
NLADAVSKAPQLVPK,0
NSCAKNYNCKILPNT,0
NVSHIQSAVVCGRRH,0
NVWEVKSSKPLVGPF,0
NYLALLVKFVAGDGD,0
PADKYRTFVATFGAA,0
PAGVCPTIGVGGNFA,0
PCKGDSVTIKLDGNL,0
PCRAGFETNVSHNVQ,0
PDNVKPIYIVTPTNA,0
PDTTCSEIEEFRDRA,0
PFTVRYTTEGGTKGE,0
PGHGISVGSLGRYKD,0
PGMAKIPAGELQIID,0
PIIIDQKYCPNKICT,0
PNTDGIHIGDSSKVT,0
PPPPQLGASPYKLGP,0
PQVKYAVFEAALTKA,0
PRGGPGRSYAADAGY,0
PTLAFPAGVCPTIGV,0
PYVSKNPRQAYANYR,0
QDHQEEICEVVLAKS,0
QFKPEEITGIMKDFD,0
QGEPGAVIRGKKGAG,0
QKLIEDINASFRAAM,0
QKYCPNKICTSKGDS,0
QLVPKLDEVYNAAYN,0
QRMMAEIDTDGDGFI,0
RKGVLFNIQYVNYWF,0
RNITGTSSTPEAVSL,0
RNSRWSSPDNVKPLY,0
RNVFDEVIPTAFKIG,0
RQHGSEEWEPLTKKG,0
RRHGVRIRVRSGGHD,0
RTFVATFGAASNKAF,0
RVPLTSNNGIKQQGI,0
RVWEQIFSTWLLKPG,0
RYANPIAFFRKEPLK,0
SADEVQRMMAEIDTD,0
SADFPQFKPEEITGI,0
SDYVYEPFPKRVWEQ,0
SEAQKAAKPAAAATA,0
SEIEEFRDRARVPLT,0
SERPAIVPPADKYRT,0
SGLVWGQKYFKGNFQ,0
SGTNNKTMAVCTNAK,0
SHNVQGATVAVDCRP,0
SKAALTSKLDAAYKL,0
SKGDSARVTVKDVTF,0
SKGGMRNVFDEVIPT,0
SKLKAEATTDGLGWY,0
SKLTYENVKMEDVGY,0
SLSELTDALRTLGST,0
SNKAFAEGLSGEPKG,0
SQPATGAATVAAGAA,0
SSCEVALSYYPTPLA,0
SSKAATAKAPGLVPK,0
SSKVTITDTTIGTGD,0
SVGSLGRYKDEKDVT,0
SVKRSNGSAEVHRGA,0
SVLLVVALFAVFLGS,0
TATAAVGAATGAATA,0
TATYGGKWLDAKSTW,0
TDALRTLGSTSADEV,0
TEKGMKNVFDDVVPE,0
TFGAASNKAFAEGLS,0
TKGEGGVWTFDSEEP,0
TKPEACSGEPVVVHI,0
TLEVHAVKPAAEEVK,0
TLGSTSADEVQRMMA,0
TPAAPAGAEPAGKAT,0
TPEAKFDSFVASLTE,0
TSAVGAPTGATTAAA,0
TSSTPEAVSLLCSDK,0
TTAAGAASGAATVAA,0
TVAAAPQVKYAVFEA,0
TVTVFKIPKKASEGA,0
VALFAVFLGSAHGIP,0
VDPTDYFRNEQSIPP,0
VFLGSAHGIPKVPPG,0
VHAVKPVTEEPGMAK,0
VHRGAVPRRGPRGGP,0
VIPAGELQVIEKVDA,0
VKEIPPRLLYAKSSP,0
VKIEYSGTNNKTMAV,0
VKLVDANGKLHDKKS,0
VLAALFAGAWCVPKV,0
VLAKSPDTTCSEIEE,0
VNYWFAPGAAAAPLS,0
VRSGGHDYEGLSYRS,0
VSEALRIIAGTLEVH,0
VSKAPQLVPKLDEVY,0
VSSKRNLADAVSKAP,0
VSTFSSGLVWGQKYF,0
VTMNDVKIEYSGTNN,0
VVLGLATSPTAEGGK,0
YEAFVLHFSEALHII,0
YFPPPAAKEDFLGCL,0
YFRNEQSIPPLIKKY,0
YGIAAENVIDVKLVD,0
YKLGPSPKARSERPA,0
YVDEHLMCEIEGHHL,0
SSSQFQIHGPR,0
VVDEANIETHG,0
ALASRYLTDMTIEEMSR,0
GTVKDRSPYRALMSCPL,0
SIVPSGPLKAEIAQRLE,0
ARMELFLFFTSLLQHFSFSV,0
CAAFANHSGRPFRPNGLLDK,0
CFDQLRRRFGDVFSLQLAWT,0
EAFLAEMEKAKGNPESSFND,0
EALVTHGEDTADRPPVPITQ,0
FGDVFSLQLAWTPVVVLNGL,0
GPRSQGVFLARYGPAWREQR,0
GRPFRPNGLLDKAVSNVIAS,0
HGVFAFLLSPSPYELCAVPR,0
IVPLGVTHMTSRDIEVQGFR,0
LAVIVAIFLLLVDLMHRRQR,0
LAWTPVVVLNGLAAVREALV,0
LLLVDLMHRRQRWAARYPPG,0
MPYTTAVIHEVQRFGDIVPL,0
NAVPVLLHIPALAGKVLRFQ,0
QGFRIPKGTTLITNLSSVLK,0
RACLGEPLARMELFLFFTSL,0
RRQRWAARYPPGPLPLPGLG,0
SFNDENLRIVVADLFSAGMV,0
SGFLREVLNAVPVLLHIPAL,0
TQLDELLTEHRMTWDPAQPP,0
TTLITNLSSVLKDEAVWEKP,0
VDFQNTPYCFDQLRRRFGDV,0
YPPGPLPLPGLGNLLHVDFQ,0
FVIPDLSPKNKSYCGTQSEY,0
AIAVHSQTTDIPPCPHGWIS,0
ALMPMNMAPITGRALEPYIS,0
FLVAHTRARAPSAGERARRS,0
IPPCPHGWISLWKGFSFIMF,0
IPSCPEGTVPLYSGFSFLFV,0
LGTLGSCLQRFTTMPFLFCN,0
LYSGFSFLFVQGNQRAHGQD,0
NPERMFRKPIPSTVKAGELE,0
NSYSFWLASLNPERMFRKPI,0
RCTVCEGPAIAIAVHSQTTD,0
TGRALEPYISRCTVCEGPAI,0
ESYMVPFIPLYRNGDFFI,0
KDKFFAYLTLAKHTIS,0
SFSLPYWNFATGKNVCDI,0
ASDVVKKMVGETVESA,0
KKLLVRGLYRISFTTYK,0
RPHLSYLTFWSLLELQ,0
VKTLLPYGSVINYYGYVKPG,0
GMAKGVGIQVLKDGS,0
FTTYIIMNRWALGNLACDLW,0
AEIVMAIDSVHRLGYVHRDI,0
SILLMEGVPKSLN,0
GNKMSMYTASL,0
HELQQYIDNLNKTLVDLDWL,0
ISSSIAEIYNRLEKVEADAQ,0
LANAFNNAIGNITLALGKVS,0
MASALTKIQSVVNQQGEALS,0
NLLLDIFNQTKLNLTAEIDQ,0
NLNKTLVDLDWLNRIETYVK,0
PNYTTPELNLLLDIFNQTKL,0
QTKLNLTAEIDQLEQRADNL,0
TTSDGFNSMASALTKIQSVV,0
VLQENQKILANAFNNAIGNI,0
AKQKAPELTKKLEEA,0
APAPKTGWKQENGMW,0
ARRSEEEYNRLTQQQ,0
ASQPTVVRAEESPVA,0
ASVAILGAGFVASQP,0
AYQQATDKAAKDAAD,0
DAADKMIDEAKKREE,0
DEDQKKTEEKAALEK,0
DELDAEIAKLEDQLK,0
DQLKAAEENNNVEDY,0
DYDAAKKDAKNAKKA,0
GWAKVNGSWYYLNAN,0
KAVAAVQQAYLAYQQ,0
KTDDQQAEEDYARRS,0
LDDAKAAQKKYDEDQ,0
LNANGAMATGWLQYN,0
LQYNGSWYYLNANGA,0
MNKKKMILTSLASVA,0
NGMWYFYNTDGSMAT,0
PEKPAEQPKPEKTDD,0
QWFKVSDKWYYVNGL,0
SPVASQSKAEKDYDA,0
TIAAKKAELEKTEAD,0
TQQQPPKAEKPAPAP,0
TVRAMVVPEPEQLAE,0
VEDYFKEGLEKTIAA,0
ITELEDVAERERLKA,0
RQEEEMKKAAEELAKLKEEFEK,0
WEVRREKEELKKDKEGKVSTL,0
EAAAYIKGRLSPIVKTERIKVFVK,0
KELLQEGYEEIVGETPSFKK,0
LSPFPAYPIVVGGQIYRFGYKHEL,0
SSIVIPAAVGIKLNVTEDA,0
VFPKDKEGRALQKFLGTIR,0
VRSSNTCTVGPSDPACFQNP,0
YIGVAPRKAIPA,0
AHHPIWARMDA,0
MKRGLTVAVAGAAILVAGLSGCSS,0
NREEYARFDSDVGEYR,0
GVYATRSSAVRLRSSVPGVR,0
RFFTLGSITAQPVKI,0
ADDLEGEFTEETIRN,0
ASQLLDDGNGENYVD,0
AYRVTKDAQLSAPTK,0
DMGIKGDRGEIGPPG,0
DPYYDPTSSPSEIGP,0
ECQDVLDCADPVTPP,0
GPPGTMGPTGQVGDP,0
GPQGEPGPPGQQGNP,0
INGIIVFGTRILDEE,0
KGEAGPTGARGPEGP,0
KGEPAIIEPGMLIEG,0
KGHRGDPGPSGPPGP,0
KGKLGVPGLPGYPGR,0
KGPMVSAQESQAQAI,0
KTVLEIDTPKVEQVP,0
LLILIVLLGQFVSIK,0
LLLWAPPPSRAAQPA,0
LRGFPGDRGLPGPVG,0
PEDLGKEPTPSKKPV,0
PGPMGPLGIPGSSGF,0
PGSVGPVGPRGPQGL,0
PPGLQGMPGERGIAG,0
PVWYGLDMNRGSQFA,0
TGAVGFAGPQGPDGQ,0
TGDVGQMGPPGPPGP,0
VDIMFNDFGEASQKF,0
VPVVTGIRGRPGPAG,0
HVTLYLGNGQMELPNK,0
HYMKCPLVKGQQYDIKYTWN,0
VPKIAPKSENVVVTVKVMGD,0
DAGTIAGLNVMRIINEPTAA,0
GTTYSCVGVFKNGRVEIIAN,0
HSRAPSPLYSVE,0
PLTKDNHLLGTFDLTGIPPA,0
VLQPSPALSWRS,0
AADYLANDAEVKAAV,0
AALNRRIQLLEEDLE,0
AANGHVIYVQIRFSV,0
ADKSGRLEFDEFVTL,0
AESEVAALNRRIQLL,0
AIIDTSKAIIVGPKA,0
ALFQEKLESSPEFKA,0
AMPEYQSLIQKLKDK,0
ANDAEVKAAVEYLKS,0
APVFSIHHARFQDGE,0
CILSADVVVGIAAPG,0
CLREILRELDEQLTS,0
DELDMMIEEIDADGS,0
DFFVDHYYSEFNWEN,0
DGEFTYVPLVGDDSW,0
DHFIELIKKLFGLSH,0
DIIAILPVDDLYALF,0
DSLPEFKNFLNFLQT,0
DWKYVDGEFTYVPLV,0
EAMEKELREAFRLYD,0
EDLQDFLALIPIDQI,0
EENLIAPVFSIHHAR,0
EFQSIVETLKAMPEY,0
EFVTLAAKFIIEEDS,0
EMIQHYTLDQVNQHK,0
FAVATITHAAELQRV,0
FETIVVTVDSLPEFK,0
FINNIHDLLGIPHIP,0
FKNFLNFLQTNGLNA,0
FLALIPIDQILAIAA,0
GDDSWKFRLDGVKIG,0
GEPIRFLLSYGEKDF,0
GESKIVELEEELRVV,0
GITKIGNQNFLTVFD,0
GNQNFLTVFDSTSCN,0
GRGIEDSLTISNLTT,0
GRNFNISSQYYIQQN,0
HFFIGDFFVDHYYSE,0
ICDDLDMTFTELIGN,0
IFNIVRDTRGLPEDL,0
IIAAGTSEALTQYKC,0
ISSQYYIQQNGNLCY,0
IVQTLNAMPEYQNLL,0
IVVALDALPELQNFL,0
KAFSAPYSVLATDYE,0
KALQNAESEVAALNR,0
KALYDAIRSPEFQSI,0
KGKTVLENFVEENLI,0
KHFNLKYEDLHSTCH,0
KLTYCPVKALGEPIR,0
LDDLKALFNEKLETS,0
LENFVEENLIAPVFS,0
LETSPEFKALYDAIR,0
LIDDVIAILPVDELY,0
LIPTDQVLAIAADYL,0
LIQRLKDKGVDVDHF,0
LNAIEFINNIHDLLG,0
LQKKIQQIENDLDQT,0
LREEEYKQQIKTLNT,0
LRKAFDAFDREKSGS,0
LSQEVCILSADVVVG,0
LVTVLFAVATITHAA,0
MVGTILEMLGHRLDD,0
NLEIDMIVDTISDFR,0
PAGTQAIIDTSKAII,0
PDFLALYNAIKSPEF,0
PKYISDGNVQVKFFD,0
PNLQKYEKLKPKYIS,0
PYSVLATDYENYAIV,0
RLEFDEFVTLAAKFI,0
SGTVDFDEFMEMMTG,0
SKAIIVGPKAYVNPI,0
SLPDVTFVINGRNFN,0
SMPFGKTPVLEIDGK,0
TFVINGRNFNISSQY,0
TWADFYFVAILDYLN,0
VELEEELRVVGNNLK,0
VETLKAMPEYQSLIQ,0
VGINGLIDDVIAILP,0
VGPKAYVNPINEAIG,0
VKFFDTGSAVGRGIE,0
WIDRFSYDDALVSKY,0
YEKLKPKYISDGNVQ,0
YKQQIKTLNTRLKEA,0
SIGGVFNSIGKAVHQVF,0
EDYRFQEGDWPNLKP,0
FGLSGKDDWENLEID,0
GEKDFEDYRFQEGDW,0
PNLKPSMPFGKTPVL,0
PVKALGEPIRFLLSY,0
QEGDWPNLKPSMPFG,0
YHYDADENSKQKKWD,0
YRGYSLGNWVCAAKFE,0
GVYYTTYAPQATSAH,0
MHGDTPTLHEYMLDLQPETTDL,0
NQATAKARANLAANL,0
SSEEEDEIDGPAGQAEPDRAHY,0
YEKYSGVFLGRAEDL,0
YMLDLQPETTDLYCYEQLNDSS,0
AGAEYKQKQINGNFY,0
DASRLSTQGFAWDQP,0
DNTGPRKLNERLSLA,0
ELTEDLNMELRVFFD,0
EPTPVTPQPQELTED,0
IKDQYKPEIAKVAEK,0
ITKNYDSKIKPYVLL,0
KSALVNEYNVDASRL,0
KVAEKLSEYPNATAR,0
NATARIEGHTDNTGP,0
NGNFYVTSDLITKNY,0
NNGGKDGNLTNGPEL,0
NVVLGGHLKPAAPVV,0
QVKGDVDGASAGAEY,0
RLSLARANSVKSALV,0
VFATITGSRTVVVQP,0
VVVQPGQEAAAPAAAQ,0
AGKYNLQVRGTRGEH,0
DHLRIISMQMGGDLG,0
DVASIHLLISRP,0
NILNDAQTKLLA,0
HLRGFSKSISISDTF,0
LNEDLTCGNILMWEA,0
LTFTTNKGRVATFGVRRGRY,0
AARLVRLAAAGAAVT,0
AMVDSAMSRNVSVQDSAGVP,0
HDKDVAVLASSRLSNR,0
NDATYQRTRALVRTG,0
SQEYSGSVANEANVY,0
TGAYSNASSTESASY,0
CINVVWSNIHKSKYS,0
DELKHLIKNACSILP,0
ECKNIINTLSQLKKI,0
SSLVISYSTVDRLVC,0
AKQLSAKDPNNKEFY,0
ENKDYFAVSDGVDVI,0
FTKLVENAKKTENKD,0
GINLETGGNAWFTKL,0
GKKDTTSGQKLKVVA,0
KDKFNKIPAEKKLIV,0
KEFYEKNLKEYTDKL,0
KEGDSYYSMMKYNLD,0
KVVATNSIIADITKN,0
LENGIIFAKNIAKQL,0
LHSIVPIGQDPHEYE,0
LSAIILVACASGKKD,0
MKKLGTLLVLFLSAI,0
QIFTDSIAEQGKEGD,0
TDKLDKLDKESKDKF,0
VDVIYLEGQNEKGKE,0
VSQDTNIPIYAQIFT,0
YIWEINTEEEGTPEQ,0
AQTGNKTRLAFAGLKYADVG,0
ATGLKYDANNIYLAANYGET,0
FAGLKYADVGSFDYGRNYGV,0
FEVGATYYFNKNMSTYVDYI,0
FGIVGAYGAADRTNLQEAQP,0
FKGETQINSDLTGYGQWEYN,0
FQGNNSEGADAQTGNKTRLA,0
GGSISYEYEGFGIVGAYGAA,0
GKAVGLHYFSKGNGENSYGG,0
GVATYRNSNFFGLVDGLNFA,0
INQIDSDNKLGVGSDDTVAV,0
IYLAANYGETRNATPITNKF,0
KGNGENSYGGNGDMTYARLG,0
KNMSTYVDYIINQIDSDNKL,0
LGNGKKAEQWATGLKYDANN,0
LPEFGGDTAYSDDFFVGRVG,0
LTGYGQWEYNFQGNNSEGAD,0
NGDMTYARLGFKGETQINSD,0
QDVLLVAQYQFDFGLRPSIA,0
RNATPITNKFTNTSGFANKT,0
SDDFFVGRVGGVATYRNSNF,0
SFDYGRNYGVVYDALGYTDM,0
TARRSNGDGVGGSISYEYEG,0
TNTSGFANKTQDVLLVAQYQ,0
VQYLGKNERDTARRSNGDGV,0
VYDALGYTDMLPEFGGDTAY,0
YTKSKAKDVEGIGDVDLVNY,0
QFLGVPYAAPPLAERRFQAP,0
GLYYVHEGIRTYFVQ,0
LKFYSKISEYRHYCY,0
LLSVSTYTSLILLVL,0
EEYTDNWLAVYFFTSGN,0
AANTWATPILPSSPNATIVG,0
ANGGVDSCQGDSGGPVVDIA,0
DSGGPVVDIATKQIVGIVSW,0
EKIQVAEIYQHENYDSMTID,0
FCGGSILDEYWILTAAHCVN,0
GQSAKKLSIRYNTLKHASGG,0
GVYTRVGNFVDWIESKRSQ,0
MMILTIVVLLAANTWATPIL,0
NDVALIKLKTPMTLDQTNAK,0
PMTLDQTNAKPVPLPPQGSD,0
PSSPNATIVGGVKAKAGDCP,0
QLYSKAGADVSENMICGGDV,0
SENMICGGDVANGGVDSCQG,0
TKQIVGIVSWGYGCARKGYP,0
WILTAAHCVNGQSAKKLSIR,0
YNTLKHASGGEKIQVAEIYQ,0
TEAEGGVYDISNKRR,0
VLVNTFCDSCIPKTYWNLGY,0
SASPHHHSRLRSESGG,0
NDAFGVMPPVARLTPEQ,0
AETQHGTVLVQVKYE,0
APCKIPFSSQDEKGV,0
APCKIPFSTEDGQGK,0
APCKVPIEIRDVNKE,0
EKRHVLGRLITVNPI,0
EYKGEDAPCKIPFST,0
FEIMDLEKRHVLGRL,0
FGDSYIIIGVEPGQL,0
FGDSYIVIGVGDSAL,0
FGESNIVIGIGDKAL,0
FGESYIVVGAGEKAL,0
FSSQDEKGVTQNGRL,0
GQLKLNWFKKGSS,0
GRIISSTPFAENTNS,0
IEAEPPFGDSYIIIG,0
IEIRDVNKEKVVGRI,0
KALKINWYKKGSS,0
KGMSYAMCLNTFVLK,0
KGMSYSMCTGKFKVV,0
KGMSYTMCSGKFSID,0
KVVKEIAETQHGTIV,0
KYEGAGAPCKVPIEI,0
MCLNTFVLKKEVSET,0
MCSGKFSIDKEMAET,0
MCTGKFKVVKEIAET,0
MCTGSFKLEKEVAET,0
NKEKVVGRIISSTPF,0
NPIVTDKEKPVNIEA,0
QYEGDGSPCKIPFEI,0
SETQHGTILIKVEYK,0
SIDKEMAETQHGTTV,0
TILIKVEYKGEDAPC,0
TIVIRVQYEGDGSPC,0
TTVVKVKYEGAGAPC,0
TVLVQVKYEGTDAPC,0
VIGIGDKALKINWYK,0
VVGAGEKALKLSWFK,0
DRTRKPFQSVIADTGISVSE,0
APEDINVTSSDNRVTVHAKK,0
DDGAGGKKLHVEVQLDPVYR,0
DNRVTVHAKKETTTGGKKCS,0
EAPVKVGENKSLTMNESGQV,0
ETTTGGKKCSHEFCRMIQLP,0
FPRHRHELLQNVGKASKSGQ,0
GIQPKSASQIQAVPASQALT,0
GSTSDYLKDAYEVGDDGKVH,0
HEFCRMIQLPKSIENNQLKC,0
LPMDRFMVGIPHDPLGMMHE,0
MDRHIEELQNGMGLSAVAPL,0
MSGTHQNHAVSIPVNREQCS,0
NRVVVSGRHYKQKTDARRKS,0
NVGKASKSGQLGSVVPYTED,0
PEDLCVNIDSNRVVVSGRHY,0
PHDPLGMMHEMDRHIEELQN,0
QAVPASQALTVKGCQGLTVL,0
RLTDDGVLMLEAPVKVGENK,0
SIPETVDPLTVSAQVVDNML,0
SIPVNREQCSFPRHRHELLQ,0
SLTMNESGQVGIQPKSASQI,0
SSLKSWDKEMERLRRGMFAL,0
VEVQLDPVYRPEDLCVNIDS,0
VKGCQGLTVLDDGAGGKKLH,0
VSAQVVDNMLVVEAPMMKQH,0
WPSSVSNWIESSLKSWDKEM,0
YEVGDDGKVHFKVRFDAQGF,0
APGNRGFPGQDGLAG,0
RKREECLDALESIMT,0
AADKKKLEEVAGKYN,0
AAKHMWPADLQYIYS,0
AAKNFLAAANAIDDY,0
AAPAPAPAAAEPARQ,0
AARKLYKLENDHPNY,0
AASAITPGWLPINSQ,0
AAVEFVGAFVVDAYA,0
ADECERFLGPKGFAG,0
ADGSGELEFEEFCTL,0
ADKDGIISKNDLRAT,0
AEFYYLQLAYTRHVT,0
AEKAEEEARSLQKKI,0
AELTHTESNNQVLSA,0
AFKPTSPVPNMQREV,0
AFVKHLTALENTDGH,0
AFYPLNGPSKFSLVV,0
AGDYCDVISGSYENG,0
AGEKVRIIIDRFMDF,0
AGEYIISTRVRCGRS,0
AGNKLAMQEFMILPT,0
AGNTYVYSFEGGTTT,0
AGTKMFLDALFRAGT,0
AGTWSALNSIQQFIS,0
AKASRNLQDDLQDFL,0
AKQRFNHAIRGKRSV,0
AKRFAKWALPLYNKP,0
AKYNQILRIEEELGD,0
ALFNEKLETSPDFLA,0
ALGVTGNTHILHYLR,0
ALLCCLLVSAASAIT,0
ALLVLVVGVLSQKDP,0
ALYMEFIKEFPVVSI,0
AMLWDLNDGKHLHTL,0
AMQEFMILPTGAATF,0
ANDYDTFYKTACWAR,0
ANIDMLRLSEHLDYV,0
ANINNYKNPRVVKNF,0
APAAEAAPAPAPAAA,0
AQFSPVNTQFSSGWD,0
AQIQVVIHLDEQYIY,0
ARFMAEEADKKYDEV,0
ARKILESKGLADEER,0
ARYFLERLSNDLPDV,0
ASGFSTSQLAMIQNA,0
ASQAADESERARKIL,0
ASRFLVEEDAEAMQH,0
ATGRKHVRRGVGING,0
ATLKALQNAHHLNDA,0
ATVELYYNAEKKLAF,0
AVAFMLAYPYGYPRV,0
AVLALCATDTLANED,0
AVSRVIADGDNLKNF,0
AWTAMTAATPIQIVG,0
AYLQSDEFETIVVAL,0
CATDTLANEDCFRHE,0
CEALYEVDHLYPTTY,0
CFRHESLVPNLDYER,0
CGHSDHFFIGDFFVD,0
CHLREHLRQDFASVT,0
CKAKDISLEVLKNYQ,0
CLSGFMGIDLPKGPL,0
CLSWSVYKPQVPIMN,0
CPNALKGKTVLENFV,0
CRFWPTGRGIYHNDA,0
CSKIPSLPDVTFVIN,0
CVVEKTTTRRICKLD,0
CYAKDMALFVASYAD,0
DAEAYTVFADLFDPI,0
DAEVQAAVAYLQSDE,0
DAFDREKKGCISTEM,0
DAFYTILDIPQKFNM,0
DALPELQNFLNFLEA,0
DANIRAEKAEEEARS,0
DATAVVLDMTLKFEG,0
DAVDFGYVFCDKMIS,0
DCGVAGFRVDAAKHM,0
DDFMLKLDGTPNKSK,0
DDGVPTRIRSAVLDV,0
DDLTVTNPTRIQTAI,0
DEIVSWLLKKTGPVA,0
DEKWELQIAINVNGV,0
DENPAIPKDKQPNSH,0
DEQEYYVKLGASVTG,0
DESERARKILESKGL,0
DFKNHNGFIRIIPLF,0
DGDALVFVDNHDNQR,0
DGFLVGGASLKPEFV,0
DGNGNIISPSINADG,0
DGTKDLLFKNSATGL,0
DGVKIDNVDVGKLYT,0
DHPNYMNWDTWRVYR,0
DIAILTGGSVISEET,0
DIKNYEKRVADAVDF,0
DIVTLKTEVLTTVQE,0
DKAVEKEEHHFKAYS,0
DKITAEDLDMMIEEI,0
DKNNFGNSLAVVHGR,0
DKVVKVWNLTNCKLK,0
DLDQTMEQLMQVNAK,0
DLISDKVVHALESGL,0
DLNVSQDRIGYVYAF,0
DLQGEPRVGEDRHIL,0
DLRATFDQLGRLAVD,0
DMQDIVVPAFYEIYP,0
DNAMDRALLCEQQAR,0
DNEFVLVEFYAPWCG,0
DNKEYISGLDRKVEV,0
DNLKTKKTPTFGSTL,0
DNTRAFNVSIETPVL,0
DPVGVAVRLSKDIAA,0
DPYNNYGLAPSALQN,0
DQLITGKVTEAQFSP,0
DQPQILLSDKKIAAM,0
DRELLLELSTRLFGA,0
DRHILPRFTILVRLL,0
DRPFQTEYNPQLRYP,0
DRPIHSYDFVTPNMF,0
DRRGEMFYYTRQQLY,0
DRVNEGMFLYSFNIA,0
DSERLRHALMTWGDK,0
DSFQISWSAIWSTGF,0
DSKSLLRKYLTKEVF,0
DSLTISNLTTSQQDI,0
DTRGLPEDLQDFLAL,0
DTSSSSESSSSSESH,0
DTTVAPAGTQAIIDT,0
DVENTAKQRFNHAIR,0
DVGVDVTVGLPVQKQ,0
DVIQRAYETRMSDVH,0
DVISGSYENGSCTGK,0
DVKLNMLGKAERVII,0
DVVPMSQQPFQIELN,0
DVVVGIAAPGCPNAL,0
DYDGITANMICAAVP,0
DYHPSYYYGYATQYD,0
DYQSYRTLMRKVYDA,0
EARAEFAERSVQKLQ,0
EARFTLNQEAHYQFD,0
EDAFKKAYNAFKSLD,0
EDSIYPKSMLLNIFT,0
EDTKNHAVSFTVTKE,0
EEADKKYDEVARKLA,0
EEARSLQKKIQQIEN,0
EEETEQNPEIIPANL,0
EEIVKFLAAGPLDPN,0
EEKANLREEEYKQQI,0
EELAFDGVKIDNVDV,0
EFASKNKVTYPLLGI,0
EFCTLASRFLVEEDA,0
EFFGHSVNLLEVELR,0
EFKEAFQLMDADKDG,0
EFNNDLKQTLQTCLP,0
EGCPAAANGHVIYVQ,0
EGIIDPTKVARVALE,0
EHFDVDLDNVVNVKV,0
EHPETSLRDPAFYQI,0
EIQPFTYTKPFKTPY,0
EISPAMLNDIGINWV,0
EIYNKQKGMLVSHIN,0
EIYPWLFVDSDVIQR,0
EKKGCISTEMVGTIL,0
EKRVADAVDFGYVFC,0
EKSGSISTNMVEEIL,0
ELEFEEFCTLASRFL,0
ELFYYANDYDTFYKT,0
ELLKQSFEATQQKEI,0
ELNYFYHDVGLNTYY,0
ELRNVGDLSYSTSLV,0
ELVKSKSVSPYHSET,0
EMGLSNAVKVGKLED,0
ENNSSPSSESQVNKS,0
ENQFCVSEKPLDTCM,0
EPGLAFVAAKFDGIL,0
EPLHYDRPFQTEYNP,0
EQERIVKIEAIKKSL,0
EQLLSYFTEDVFLNA,0
EQLTSDELDMMIEEI,0
EQQARDANIRAEKAE,0
EQYIYVKSPTAELIK,0
ERDDYVTIHWENIQS,0
ERKLGLILERTYDPY,0
ESNESVLAKKIINNQ,0
ESVPDEKLHWDVVPM,0
EVDHLYPTTYLNPWQ,0
EVDLTTDLGLFRAAV,0
EVGWLALHHNARDAA,0
EVIHQVEMHQVRDLK,0
EVPARPAYMMPQDFD,0
EVQQKLIDDHFLFKE,0
EWLGQIVEGNSMHPD,0
EYSRRSLYYSNGYSH,0
FASVTYHVESDLQNS,0
FDGILGMAYSTISVD,0
FDNSDQGPPQDGNGN,0
FDNTIRVWQVSVFAR,0
FDYKLRQHNTFLDTE,0
FFQQQRILLRLHRCF,0
FGEKDDLISDKVVHA,0
FHLKQHKPETFLSNS,0
FHMYRSLLGHITDPF,0
FHTIYKKDNGSPTDP,0
FIKEFPVVSIEDPFD,0
FKDKSAGTKMFLDAL,0
FKSLDIVINNAGILN,0
FKTFEDDGKIDSERL,0
FKTPYNPQLRYPNGQ,0
FKVLQLFTGLNYDVP,0
FLDTKWFLDEFKVLQ,0
FLEKLSLLLNGGCKV,0
FLFKEGDRFLQHANA,0
FLSNSAVSRVIADGD,0
FMVQSLERVVEHNPR,0
FNVSIETPVLSVNAT,0
FPGLVKYMSSGPVVP,0
FPWDPVASKAAFYPL,0
FQDGEHFGEIIFGGS,0
FQGEKYPLYENYIKG,0
FQLMDADKDGIISKN,0
FRNAVAGTAVSNWWD,0
FRPWWERYQLVSYKL,0
FSADEVDDAYDNFEI,0
FSMFSQKQVAEFKEA,0
FSPNHSNPIIVSAGW,0
FSQMYHAQLAFSTAF,0
FSTAFDNKEYISGLD,0
FTQLLTLFAGRMSGG,0
FTTTVSHATSLVNGS,0
FTVYVIVTPYDKAVE,0
FVAAKFDGILGMAYS,0
FVEGNLKYFNMGVQK,0
FVNDVLTPWGCYAKD,0
FVRTHLYPHVSEDVI,0
FYDQHYYEEKKRNQF,0
FYGHIFHMYRSLLGH,0
FYNMVKQGLVSQPIF,0
FYTEFDMENNRVGFA,0
GACVCPNLQKYEKLK,0
GAFTGEISPAMLNDI,0
GCPVYVGTKHAVVGI,0
GDLSYSTSLVKAHSM,0
GDRFLQHANACRFWP,0
GELKGQFYPLTGMTK,0
GEQFYYFNQQMFARY,0
GFLSTDVLDIGGLKV,0
GFLTFCPTNLGTTVR,0
GFRVDAAKHMWPADL,0
GGDLGQVYRRLVTAV,0
GGKGGVIVNIASILG,0
GHEYDLNERRNYFVE,0
GHLNEPHTHVIPVNF,0
GHSHFVSDVVLSSDG,0
GIAQRKLQSVTAELE,0
GIPAIYLESTKNILP,0
GKDCKAMLWDLNDGK,0
GKDYILRVSQLGHTV,0
GKKQKHRNVKSHRIR,0
GKLEDVPNVDIRARN,0
GKLYTYFEPYEMGLS,0
GKNTIQRNSHDSSVV,0
GKRVVLPVEIPIQCE,0
GKTEEVVFQQTKAIA,0
GKVTEAQFSPVNTQF,0
GLEYVKQLLENGAQH,0
GLTLNAKASRNLQDD,0
GMFLYSFNIAIMHRE,0
GMNDGIAELIKIESS,0
GNKGFVAFNDEFNND,0
GNLCYSGFQPCGHSD,0
GNTHILHYLRPYIIQ,0
GPGDFHSTCTVSNYQ,0
GQDMSEEETEQNPEI,0
GSIYHYYRQLAGKSV,0
GSKLEDVKLNMLGKA,0
GSQHVATVELYYNAE,0
GTTVRASVRIKVPKL,0
GVALVRAINSLDNLR,0
GVKIGDTTVAPAGTQ,0
GVLAIHVNSKVGSKS,0
GVLVFTKENFKKGVS,0
GVNLIWNHKRDKNNF,0
GVPDVILPVPAFNVI,0
GVTPVFYNMVKQGLV,0
GVYDISNKRRMGLTE,0
GYFFGFQGEKYPLYE,0
GYFNTHTAAEVVQKG,0
GYPRVMSSFSFDNSD,0
GYVALTIKHVTTHDI,0
HAQLAFSTAFDNKEY,0
HAVSFTVTKEQSKFY,0
HDEFLNEDIFLKGID,0
HDNQRGHGAGGASIL,0
HDSGVGIYAPDAEAY,0
HEMRTKRDHVLPACR,0
HFGEIIFGGSDWKYV,0
HGCFDQLSPLVGLTF,0
HGQGGSTADTYNLQY,0
HGRTFSSLFQVANQY,0
HGVKAQLNSPWKQVS,0
HHHSTDLNVSQDRIG,0
HIRRGVGITGLIDDV,0
HIVQNDAFYTILDIP,0
HKHGVAPSALEHPET,0
HKPETFLSNSAVSRV,0
HLDYVKNLTVSKLCD,0
HLFEWKFADIADECE,0
HLKNVIQGKFGLDAT,0
HLNDAVTSKLQTCLL,0
HLRQDFASVTYHVES,0
HRNVKSHRIRREYTE,0
HSTCTVSNYQDPSNV,0
HTKLSSSSSITLTLP,0
HVNSKVGSKSQTTTT,0
HVVLKSGFKRPSANN,0
HVWDGRSAIVHLFEW,0
HYFNKFQMKQPYYTR,0
HYYSEFNWENKTMGF,0
IAAPGCPNALKGKTV,0
IADGDNLKNFTFYSG,0
IAEVDADGSGELEFE,0
IAYEPVWAIGTGKTA,0
ICKLDCSKIPSLPDV,0
IDNVNKIIVPELLKQ,0
IEEDSEAMEKELREA,0
IESIRKQTAIEIEQL,0
IGDAFRGNNAIKWLV,0
IGPKPTLIPSQSPMT,0
IHENLIVTSPFRPWW,0
IHSTEYTGFGRVTEF,0
IHVRKTAHFEKKMGE,0
IIPEQVTVGDSYDIE,0
IISKNDLRATFDQLG,0
IISPSINADGTCGNG,0
IISSPFRPWWERYQL,0
IKSVYIPYLVQEFDD,0
ILAHFQVAPQETARS,0
ILEPVAQSGKPLLII,0
ILPDLSRNRNGKRVV,0
ILSCSRDKTLIVWKL,0
IMKTHQFTNCRHNSA,0
IMNIGKECENGGSAV,0
INADGTCGNGWVCEH,0
INTAKLIQLLTASPE,0
INTHVQKGYMVSSMT,0
IPADKVFLRKQWDVL,0
IPANLLPTYNLIHNT,0
IPHIPATGRKHVRRG,0
IPKDKQPNSHPRRQE,0
IPKGKKGGQAFTVYV,0
IPVNFTLRNQEQLLS,0
IPYLVQEFDDAVKEN,0
IQGKFGLDATAVGDE,0
IRALFGLTLNAKASR,0
IRARNYRLNHKPFTY,0
IRHAILAAGDLYSRR,0
IRTTKRFPIDFRKFS,0
ISGLDRKVEVHVPVK,0
ISMQMGGDLGQVYRR,0
ISQLQVVVDEDKKVY,0
ISTEMVGTILEMLGT,0
ITALCFSPNRYWLCA,0
ITDPFHKHGVAPSAL,0
IVEGNSMHPDFYGHI,0
IVINNAGILNDEKWE,0
IVLNPEIYNKQKGML,0
IVSYLRNLRASANPS,0
IVTPYDKAVEKEEHH,0
IYSAFEFDPNSKVHA,0
KAALLAAVTLLEQPN,0
KAAVHLLVAVKASKE,0
KACNCLLLKVNQIGT,0
KAHSMRNSASMDLSS,0
KAKEEAPAAEAAPAP,0
KALGVILTLPQRIIA,0
KAMLEDIAILTGGSV,0
KARLSLDRNEDQLIT,0
KAYDYKMKESGHLNE,0
KAYNAFKSLDIVINN,0
KDGLDLIKDAIEKAG,0
KDIAADLQGEPRVGE,0
KDLLPILEPVAQSGK,0
KDQLTALYMEFIKEF,0
KDVLSVAFSVDNRQI,0
KECENGGSAVANIDM,0
KEEHHFKAYSYCGVG,0
KELDEMVNEAPGPIN,0
KELLDKEPSYQVGSF,0
KELVEKYGKGKAIFI,0
KEMEDKVSSTLSGLE,0
KEVDRLEDELVHEKE,0
KFADIADECERFLGP,0
KFEGNKFTIDYNDKG,0
KFRLDGVKIGDTTVA,0
KFTLEGKDYILRVSQ,0
KGFAGVQVSPVHENV,0
KGFKLVAMKFVWADE,0
KGGQAFTVYVIVTPY,0
KGLCGNMDGEFVNDV,0
KGRELTVIDYELRNV,0
KGSNVFSMFSQKQVA,0
KGVPLYRHIADLAGV,0
KHREQAIMLFELFYY,0
KIAAMKDLLPILEPV,0
KKDNGSPTDPKTLVK,0
KKGVDALANAVKVTL,0
KKLAFHTDTDLKKDS,0
KKLQFTYSESLDLDD,0
KKMGENTGIVFKVKY,0
KKSLELLLETPGSKT,0
KKTPTFGSTLLDVIQ,0
KLAASDSKSLLRKYL,0
KLQIQITELEMSLDV,0
KLREKGVDVDKIIEL,0
KMIEYLNHLVDCGVA,0
KNILPSNVAAAAQNC,0
KNLTVSKLCDHEMRT,0
KNMTYVNTSLVLAFS,0
KPFTYNKAFKTPYNP,0
KPFTYNVEVTSEKDT,0
KQGLVSQPIFSFYLS,0
KQHETFKRRVYKVYD,0
KQLKVSQIMEAARKL,0
KQLLENGAQHVAVCD,0
KQTAIEIEQLNARVV,0
KRDHVLPACRNSTER,0
KRQPNSRPRSSSSSS,0
KSAANVEGDIYSEMR,0
KSPEFQSIVQTLNAM,0
KSQTTTTQSSHCTCS,0
KSYLYGYKSKKINYD,0
KTFLVWCNEEDHLRI,0
KTLVKFVEGNLKYFN,0
KTTYTYEKQDKYCGL,0
KTYKKPTNFNHTKLS,0
KVFLKNYLVGNAQFK,0
KVNNLNTDHGFPSGA,0
KVPKLAADKKKLEEV,0
KVSSTLSGLEGELKG,0
KVVHALESGLNVVAC,0
KYCGLPEHLLIPKGK,0
KYPYVVKNFVAAYKN,0
KYSRDIGDAFRGNNA,0
LDQNEHADIRVEALF,0
LDRNEDQLITGKVTE,0
LDSKNVLSILNYKTE,0
LDTCMPLICHATESY,0
LDYHVHGRTFSSLFQ,0
LEDELVHEKEKYKYI,0
LELGALLTAMAMVTA,0
LERAEERAETGESKI,0
LERVVEHNPRKVIDL,0
LESYAYSLKNQLADK,0
LFARRIFDSRGNPTI,0
LFTGLNYDVPTKDIF,0
LGANAILGVSIAVCK,0
LGGEAIHSTEYTGFG,0
LGPAANHYMKLVKKG,0
LHYLRPYIIQLKTIT,0
LIKDAIEKAGYTGKI,0
LIPVDQIIAIATDYL,0
LIQLLTASPEEEEGG,0
LKADVFFNKFNPTDN,0
LKELDDKITAEDLDM,0
LKFEGPAESYFTTTV,0
LKKWHVLLANKPQAK,0
LKLSSGKKQKHRNVK,0
LKLVLAGSSAVHVEL,0
LKPNQGMPEVYVEGK,0
LKQTLQTCLPAGDYC,0
LLMKADPSIHVLKMV,0
LLSDKKIAAMKDLLP,0
LLSLYLDQNEHADIR,0
LLTAMAMVTAKLATV,0
LLVRIQQPNYYADQY,0
LMYVSDIKNYEKRVA,0
LNDYILPAPYEIYPW,0
LNHLVDCGVAGFRVD,0
LNLTTEFFGHSVNLL,0
LNPWQWTQQHDTKLR,0
LNTYYSYYYFNYPTF,0
LNVVKTGRLMLGATD,0
LPACRNSTERASDLN,0
LQLAYTRHVTKAALL,0
LQLPPEQISVLRKAF,0
LQVRGTRGEHTEAEG,0
LRELDEQLTSDELDM,0
LRKYLTKEVFDNLKT,0
LRLSEHLDYVKNLTV,0
LSGLEGELKGQFYPL,0
LSKKRQVPLPRPLFE,0
LSLIRAKHRTFVTTS,0
LSSDGNYALSGSWDK,0
LTAPKTYIFPVNYTV,0
LTPWGCYAKDMALFV,0
LTVFDSTSCNVVVAS,0
LVKKGILPDLSRNRN,0
LVNGSSNYLLFYDQH,0
LVRLLKQLKVSQIME,0
LVSKYTDSQGKNRTT,0
LVTAVNDIEKRVPFS,0
LVYKIQPVNNAHGGG,0
LWKYNGEFSIQTDAK,0
LYPHVSEDVIVDNPA,0
LYYKPTCVVDSSYIN,0
MADKEKKKKKKAKEE,0
MALFVASYADNSNSE,0
MALYKKDPVKRGEPF,0
MFARYMLERYSNDMP,0
MFRLVVIATLLVASC,0
MGLTEYDAVKGMNDG,0
MGVQKFWAFDNTTFS,0
MIKAIISQLQVVVDE,0
MLERYSNDMPEIQPF,0
MLNDIGINWVILGHS,0
MNSPSLWKYNGEFSI,0
MPFHFDRTGVRVLTM,0
MPLQKLFARRIFDSR,0
MPYQIASGFSTSQLA,0
MQGYPFNPCLTEAQY,0
MQREVLVFLRNAKIE,0
MSDVHLTAPKTYIFP,0
MTQQPRHTYYENQFC,0
MVDAAVLEKLEAGFA,0
MVEADLERAEERAET,0
MVWEGLNVVKTGRLM,0
NAFEYFHLKQHKPET,0
NASAVIQEFLKTYKK,0
NAVKVGKLEDVPNVD,0
NDLLSVYNQVKSGAG,0
NDVIQKAYDYKMKES,0
NEAIGCVVEKTTTRR,0
NEDIFLKGIDIFCQI,0
NEKGLEWLGQIVEGN,0
NFGVGWGYIPDGDAL,0
NFTLKDNTRAFNVSI,0
NGFIRIIPLFTDRDY,0
NHAIRGKRSVTKEQL,0
NHYMKLVKKGILPDL,0
NIREGGFAHFEARLE,0
NIYKLNIAEIFPEDS,0
NKFVELWEINMIKAI,0
NLKNFTFYSGETIHK,0
NLKRAILAHFQVAPQ,0
NMDGEFVNDVLTPWG,0
NNIDFQIDAEAKIHG,0
NNLGRINTHVQKGYM,0
NQLNEIRHAILAAGD,0
NQMSGSWPDAHGQGG,0
NSIKIQLYTHALGVT,0
NSNSEVRKIKATQNE,0
NSTERASDLNRVHVD,0
NTDHGFPSGARPFFY,0
NTGIVFKVKYDTDQE,0
NTTFSNASAVIQEFL,0
NVEVTSEKDTPVYVR,0
NYALSGSWDKTLRLW,0
NYDVPTKDIFYNNLT,0
NYFKLIHVRKTAHFE,0
NYFVEIDRFPYQLHT,0
NYIGSEDSIYPKSML,0
NYPTFFNSTEYGVQF,0
PAESYFTTTVSHATS,0
PAVPYGPGDFHSTCT,0
PAYMMPQDFDLMYVS,0
PCRSERLAKYNQILR,0
PEHLLIPKGKKGGQA,0
PEYQNLLEKLREKGV,0
PFNRRTLEELIDEVD,0
PHDSVYDKKPLGFPF,0
PHIPVSGRKYHIRRG,0
PHTHVIPVNFTLRNQ,0
PINSQLDYHVHGRTF,0
PLLGIIGKLDASVQP,0
PNKSKLGANAILGVS,0
PQDFDLMYVSDIKNY,0
PQIEVTFEIDANGIL,0
PQKFKVVFDTGSSNL,0
PRFTILVRLLKQLKV,0
PRTSFAKRFAKWALP,0
PRVGEDRHILPRFTI,0
PSSESQVNKSKRQPN,0
PTKAAHIVFPSYEIE,0
PTKVARVALENAASV,0
PTLKFFRSGSPIDYS,0
PTNFNHTKLSSSSSI,0
PVQKQDIVTLKTEVL,0
PVRPYEYSRRSLYYS,0
PYIIQLKTITHHQRL,0
PYYTREELAFDGVKI,0
PYYTTQSYETKLLFD,0
QASNMYRNFTKGLCG,0
QATDAYVRVFLGPKY,0
QDYKVLADKTYLTRQ,0
QECVGGACVCPNLQK,0
QEFDDAVKENNSIKI,0
QEVIDLGGEAIHSTE,0
QFISANFTLKDNTRA,0
QFLYALSSALFQRED,0
QFTNCRHNSAYKLHF,0
QFYPLTGMTKEVQQK,0
QFYYDKSEQYCGYPE,0
QGDGVKLHLKAKAEV,0
QGPPQDGNGNIISPS,0
QKFNMEYFKVAFKPT,0
QKGMLVSHINVTVER,0
QKGYMVSSMTDLWEA,0
QLNSPWKQVSAELAF,0
QLQFEYYGSLMCGAS,0
QNPEIIPANLLPTYN,0
QPDPYKLDSGLVYNP,0
QPNSHPRRQEYLSKS,0
QQFISSEMVEPKEAS,0
QQIENDLDQTMEQLM,0
QRNSHDSSVVAQEQD,0
QSKFYETLNPVVQQN,0
QTCVPQFHQPLVSHQ,0
QTLFLLLLLLAAVSA,0
QVGSFIVSYLRNLRA,0
QVLSASQSAIKSAAN,0
QVNAKLDEKDKALQN,0
QVNKSKRQPNSRPRS,0
QVPLPRPLFEANFDA,0
QWDVLRLVHRIHQHS,0
QYPDFGVNLIWNHKR,0
RALLCEQQARDANIR,0
RCGRSMQGYPFNPCL,0
RCNNVGIRIYVDVVL,0
RDKTLIVWKLTRDET,0
RDLLKLLVRIQQPNY,0
RDPANWQILKRVNYL,0
REYTEDENPAIPKDK,0
RFLGPKGFAGVQVSP,0
RFPIDFRKFSNNFEF,0
RFPYKVQAGKTTITR,0
RFVPSAAVEFVGAFV,0
RGEPFSTYYIKHREQ,0
RHALMTWGDKFSADE,0
RHNSAYKLHFNAFEY,0
RHTYYENQFCVSEKP,0
RIIIDRFMDFREQEK,0
RKAQRKGSNVFSMFS,0
RKLRVNKFVELWEIN,0
RKVEVHVPVKFQINL,0
RLFHTQPSITYQTLK,0
RLKEAEARAEFAERS,0
RLMGQPFNRRTLEEL,0
RLVHRIHQHSIIPEQ,0
RMSGGSDDDEVVIAA,0
RNCELVGLHDLNQGS,0
RNSASMDLSSSSMSS,0
RPFFYQEVIDLGGEA,0
RQPLSFDHAVELKLL,0
RQQLYARYFLERLSN,0
RRFHPKLGDKEMIQH,0
RTLMRKVYDAYEGKD,0
RVFESTVTGRCEALY,0
RVHVDINYNLKQHET,0
RVIVSEGKSKFTTEL,0
RVNELTTINVNLASA,0
RVTEFKYSRDIGDAF,0
RYMYPTWFNYTKYEY,0
SALQNIYTTLRDPAN,0
SCITYQRGSHAGNKL,0
SCTGKTVTVGSDGKA,0
SDDDEVVIAAFKTFE,0
SDGKAYIEILSSADD,0
SDKNKAYLHFLFEMT,0
SEASLNLKRAILAHF,0
SEDVIVDNPAQFISA,0
SEEHHSHNQKLSKKR,0
SEKDTPVYVRVFLGP,0
SEMVEPKEASHLITV,0
SESSSSSESHENNSS,0
SEVTALNRQIGGTPI,0
SGFQPCGHSDHFFIG,0
SHNQKLSKKRQVPLP,0
SHRIRREYTEDENPA,0
SIHKFEFASKNKVTY,0
SINLMFSQMYHAQLA,0
SKDFQYTNEANIYKL,0
SKLCDHEMRTKRDHV,0
SKVHAIMNIGKECEN,0
SKWIDKDQLTALYME,0
SLENFMNITGSINLM,0
SLGFPLKLVLAGSSA,0
SLLGHITDPFHKHGV,0
SLRDPAFYQIWKRVQ,0
SLYNLNYIGSEDSIY,0
SMHPDFYGHIFHMYR,0
SNKRRMGLTEYDAVK,0
SNLTTSQQDIVLADE,0
SNPIIVSAGWDKVVK,0
SNWWDNGDKQISFCR,0
SNYLLFYDQHYYEEK,0
SPYFVTNTEKMITEF,0
SQIMEAARKLYKLEN,0
SQKDPHVWDGRSAIV,0
SQPIFSFYLSRDPGA,0
SQQDIVLADELSQEV,0
SQQPFQIELNSRGEV,0
SQSAIKSAANVEGDI,0
SRGEVRKLRVNKFVE,0
SSADDGVLAIHVNSK,0
SSESHENNSSPSSES,0
SSGKASYESFQNFRV,0
SSGLTTEQPVTFRPR,0
SSGWDESVPDEKLHW,0
SSLEVFFQQQRILLR,0
SSLFQVANQYTGILY,0
SSRITTFFNFGYVAL,0
SSSSITLTLPCAMGL,0
SSSSSESNESVLAKK,0
SSSSSSEEHHSHNQK,0
SSYINTFDNFTYSAH,0
STADTYNLQYPAVPY,0
STDSTLVYKIQPVNN,0
STRMELQHLQSIEVF,0
STRNMDVSYSKSYLY,0
STSCNVVVASQECVG,0
STYYIKHREQAIMLF,0
SVNATSVRLQSWQSE,0
SVRLQSWQSEMLRMN,0
SVVSPDYQSYRTLMR,0
SWQSEMLRMNPRTSF,0
SYDDALVSKYTDSQG,0
SYDIEANINNYKNPR,0
SYENGSCTGKTVTVG,0
SYYYFNYPTFFNSTE,0
TASPEEEEGGEGEAA,0
TCGNGWVCEHRWRQI,0
TCVVDSSYINTFDNF,0
TDKHPPKDWGDVDTL,0
TDLKVYYGENHVVLK,0
TDRDYDVLQWQTIPY,0
TDSQGKNRTTIRGRT,0
TDVPMSLENFMNITG,0
TEAQYKEMEDKVSST,0
TEKIKQVASISANND,0
TESNNQVLSASQSAI,0
TFDNFTYSAHHIVQN,0
TFEIDANGILQVSAE,0
TFFNFGYVALTIKHV,0
TFRPRRQLFQGQDMS,0
TFYKTACWARDRVNE,0
TFYSGETIHKIVLNP,0
TGLIDDVLAILPIED,0
TGMTKEVQQKLIDDH,0
TGRGIYHNDAKTFLV,0
TGSAVGRGIEDSLTI,0
THQFNVAGSVTVDKT,0
TIKKQSLTLTEIQAH,0
TISVDGVTPVFYNMV,0
TKDIFYNNLTVYYDH,0
TKEQLELVKSKSVSP,0
TKEVFDNLKTKKTPT,0
TKYEYDVPRHGEQFY,0
TLEELIDEVDADKSG,0
TLFAGRMSGGSDDDE,0
TLGEAISSSTLRVFA,0
TLIPSQSPMTSDDKC,0
TLRLWDLAAGRTTRR,0
TLRNQEQLLSYFTED,0
TLTLPCAMGLPAYFK,0
TPGWLPINSQLDYHV,0
TPNMFMKDVFIFHKK,0
TQEFKHQLQGGVLRV,0
TQYKCWIDRFSYDDA,0
TRGEHTEAEGGVYDI,0
TSYHFRASLNKADPH,0
TTFNLLDKVMKKAKD,0
TTINVNLASAKSKVE,0
TTTRRICKLDCSKIP,0
TTVESNVIYSQNSFL,0
TVFADLFDPIIEDYH,0
TVIDYELRNVGDLSY,0
TVTKEQSKFYETLNP,0
TVTVGSDGKAYIEIL,0
TVYMDQLFKLIHVRK,0
TWFNYTKYEYDVPRH,0
TWGDKFSADEVDDAY,0
TYDPYHGVKAQLNSP,0
TYKTSKLYKMAVAFM,0
TYKVLYKKVNEAYEG,0
TYLSVDRKMYWQFKM,0
TYNFHSYLNEKALGV,0
TYTKPFKTPYNPQLR,0
VAFNDEFNNDLKQTL,0
VAFSVDNRQIVSGSR,0
VAMKFVWADEELLKK,0
VANQYTGILYKARLS,0
VAVLYVGAASEVEMK,0
VDAYAVEAGLKVAAT,0
VDDALNATRAAVEEG,0
VDDAYDNFEIDDKGF,0
VDNPAQFISANFTLK,0
VDVVLNQMSGSWPDA,0
VEAGLKVAATLHTAT,0
VEGDIYSEMRRKAKA,0
VEHLLSTRNMDVSYS,0
VEMHQVRDLKIKSVY,0
VFIGKFYTEFDMENN,0
VFLGPKYNYYGHEYD,0
VFLNAFNTYFRYMYP,0
VFLRKQWDVLRLVHR,0
VFVDNHDNQRGHGAG,0
VGAFVVDAYAVEAGL,0
VGLHDLNQGSDYVRG,0
VGLTFCTTMSFPWDP,0
VHDLVHNLKNSHVHF,0
VHEKEKYKYICDDLD,0
VIKLADTSSSSESSS,0
VKNFVAAYKNGMLAR,0
VLAFSEVIHQVEMHQ,0
VLDMTLKFEGPAESY,0
VLKMVAELTHTESNN,0
VLREILKELDDKITA,0
VNQHKKAIEEDLKHF,0
VNTQFSSGWDESVPD,0
VPDFETVYMDQLFKL,0
VPNVDIRARNYRLNH,0
VQKLQKEVDRLEDEL,0
VQVSPVHENVIISSP,0
VRDLKIKSVYIPYLV,0
VSCVRFSPNHSNPII,0
VSDVVLSSDGNYALS,0
VSEKPLDTCMPLICH,0
VSHINVTVERKGREL,0
VSRSGDENAFRDMVR,0
VSYKLVSRSGDENAF,0
VTEIKKDENNAVPSM,0
VTVGDSYDIEANINN,0
VVFQQTKAIADKIKD,0
VVGVLSQKDPHVWDG,0
VVIAAFKTFEDDGKI,0
VVKNFMALYKKDPVK,0
VVPAFYEIYPFLFVE,0
VVQQNLKLSSGKKQK,0
VVVDEDKKVYRVFES,0
VVVFDVRLAVTVDHA,0
VWNLTNCKLKINHIG,0
VYKPQVPIMNIYSAF,0
VYYDHEDTKNHAVSF,0
WGYIPDGDALVFVDN,0
WKRVQHYFNKFQMKQ,0
WQFKMDKIQIGNGSF,0
WQILKRVNYLFQRYK,0
WTQQHDTKLRIMKTH,0
WVCEHRWRQIFNMVG,0
YADQYEIGQSYDIEA,0
YCGVGPHDSVYDKKP,0
YDKKPLGFPFDRPIH,0
YEIYPFLFVENDVIQ,0
YEKQDKYCGLPEHLL,0
YFEPYEMGLSNAVKV,0
YFNQQMFARYMLERY,0
YFTEDVFLNAFNTYF,0
YGKIIKRLEAKGFKL,0
YGLAPSALQNIYTTL,0
YHDVGLNTYYSYYYF,0
YHNDAKTFLVWCNEE,0
YIDYRARQTRLNHKP,0
YIEILSSADDGVLAI,0
YIMIMKTPKTIAVSF,0
YIPTSCLREILRELD,0
YIQQNGNLCYSGFQP,0
YKKILPTRSSPLISC,0
YKKVNEAYEGKTTYT,0
YKLENDHPNYMNWDT,0
YKLHFNAFEYFHLKQ,0
YKNPRVVKNFMALYK,0
YLESTKNILPSNVAA,0
YLSKSMALTGDATAV,0
YNLQYPAVPYGPGDF,0
YNNLTVYYDHEDTKN,0
YPGVYSNVATLRDFV,0
YPNGQEVPARPAYMM,0
YPTTYLNPWQWTQQH,0
YQLHTGKNTIQRNSH,0
YRHIADLAGVPDVIL,0
YRLNHKPFTYNVEVT,0
YRNFTKGLCGNMDGE,0
YSEMRRKAKAVEHLL,0
YTGPFSVDNVLEFKL,0
YTNEANIYKLNIAEI,0
YVEGKRVDYNHHHST,0
YVNPINEAIGCVVEK,0
YWTIDFDIAVARVST,0
YYEEKKRNQFCLSWS,0
YYGENHVVLKSGFKR,0
YYNAEKKLAFHTDTD,0
YYRQLAGKSVDPYNN,0
YYYGYATQYDYYYPE,0
YYYPEDLQSYERRVR,0
HPQQFVYAGAMSGLL,0
IRLHTLLAVLTAAPL,0
LLAVLTAAPLLLAAA,0
SDDNWLNFDGTLLGNLLIFP,0
EIFSFLISLIFIYETI,0
GLLVSVLVGLSILME,0
ILPLIFRELELQCLD,0
LEIPDRDSEEELENI,0
MFASVLPALLVFILI,0
MGDMRDHEEVLEIPD,0
MHLFTGIQIICLAVL,0
MLVVAFEGSFLVQYIS,0
VQYISRYTQEIFSFL,0
VRLRSSVESTRGRSRPAPPPAFGLT,0
DIPKEQRAMITSEGAFKYFS,0
INTEKQGTPEQMRQAIEFVK,0
NGKLKVVTTNSILYDMAKNV,0
QDPHAWLSLDNGIKYVKTIQ,0
SLPQKSQRSQDENPVVHF,0
SNNGIKQQGIRYANP,0
SPKARSERPAIVPPA,0
SPLTASKLTYENVKM,0
SPVFLYEDHTGKPGP,0
SQKEEEEGAQREKE,0
SRWSSPDNVKPIYIV,0
SSPDNVKPLYIITPT,0
STDHPKYSDMIVAAIQAEKNR,0
STEGNVTGMFA,0
STGGAYDTYKCIPSL,0
STHVDIRTLEDLLMG,0
STKVPAAYAAKGYKVLVL,0
STLRNLGLGKKSLEQWVTEE,0
STWLLKPGAGIMIFD,0
STWYGKPTAAGPKDN,0
SVFSNNAREIIRLHSDASKN,0
SVRIRVRSGGHDYEG,0
SVTIKLDGNLLSSND,0
SWIQSIPFVHLGHRD,0
SYVPSAEQILEFVKQI,0
TAAATAPADDKFTVF,0
TAALSYTISRMEESSVTL,0
TAKAAGKSVMNMSLGGPRSE,0
TAKAPGLVPKLDAAY,0
TALKKAITAMSEAQK,0
TDDNEEPIAAYHFDL,0
TDDNGPQDPDNTDDNGPHDP,0
TDGIPDSIQDSLKESRKLSD,0
TDVTFLKRHFHMDYG,0
TEADLKKAVNEPEKP,0
TEEDKENALSLLDKIYT,0
TEEQKLIEKINAGFK,0
TFHVEKGSNPNYLAL,0
TIGTLKKILDETVKDKIA,0
ASLTEALRVIAGALE,0
TLLLGSSGSGGDDDDPHGPV,0
TLLVDLLWLLLFLAILIWMY,0
TLTPMMSSKFPELGM,0
TNLSDALLQVRKHLNDRINR,0
TNLTDALLEVRKHLNDRINR,0
TPESATPFPHRKGVL,0
TPFPHRKGVLFNIQY,0
TPTNASHIQSAVVCG,0
TSKLDAAYKLAYKTA,0
TTEEQKLIEDINVGF,0
TTVRLRAYMNTPGLP,0
TVWEQILNTWLVKPG,0
TYEEFSAKLDRLDEEFNRKM,0
TYGDKWLDAKSTWYG,0
VATLSEALRIIAGTL,0
VAWQVKLLPVPPTVT,0
VAYQATVCARAQAPPPSW,0
VCNKDLRPICGTDG,0
VDCRPFNGGESKLKA,0
VDIINRWQVVAPQLP,0
VDSGAQLGELYYAIH,0
VGAATGAATAATGGY,0
VIASLTCGRRFEYDDPRFLR,0
VIKGGRHLIFCHSKKKCDE,0
VIPEGWKADTAYESK,0
VIVKLIPSTSSAV,0
VIYLKPLAGVYRSLKKQI,0
VKPLYIITPTNVSHI,0
VNGSWYYLNANGAMA,0
ATATATSAVGAPTGA,0
VNNLARTTPDRQAAC,0
VNPNNAAALPGK,0
VPEKYTIGATYAPEE,0
VPPADKYKTFEAAFT,0
VPPLRVWRHRARSVRAKLLSQGGRA,0
VPRRGPRGGPGRSYA,0
VPVKKATVVYQGERV,0
ATFEAMYLGTCKTLT,0
VPYFVRVQGLLRICALARKAV,0
VVAPQLPADLMIRII,0
VVLFAVFLGSAYGIP,0
VVQSIGYKFHRHGYE,0
VVVHITDDNEEPIAA,0
ATISATPESATPFPH,0
VWGQKYFKGNFERLA,0
VYRSLKKQIEKNIFTFNL,0
WARMILMTHFFSVLIARDQLEQ,0
WEKPFRFHPEHFLDAQGHFV,0
WEQIFSTWLLKPGAG,0
WGAIWRIDTPEVLKG,0
WKVRLLPVPPTVTVF,0
WLDAKSTWYGKPTAA,0
WRLGATIWQLLAFFLAFFLD,0
WSKDIYNYMEPYVSK,0
WTILKPSDTINFESN,0
WTTCQSIAFPSKTSASIGSL,0
WYYLNANGAMATGWV,0
YANYRDIDLGRNEVV,0
YASGKVWGQKYFKGN,0
YDEPMTPGQCNMVVE,0
YEGLSYRSLQPEEFA,0
YFKGNFERLAITKGK,0
YGDAEKPAESGGSQPPRAAA,0
YKDVDKPPFSGMTGC,0
YLAWQAGMDMCSAGW,0
YNLDKIAEGLAK,0
YNNLVNKIDDYLINLKAK,0
ATTANVPPADKYKTF,0
YSTYGKFLADAGCSGGAY,0
YTTEGGTKGEAKDVI,0
YTVALFLAVALVAGP,0
YTVFETALKKAITAM,0
ATTEEQKLIEDINAS,0
YVYEPFPKEVWEQIF,0
YWFAPGAGAAPLSWS,0
YYAIHKASPVLAFPA,0
YYLNANGAMATGWAK,0
AVIRGKKGAGGITIK,0
AVVCGRRHGVRIRVR,0
AVWVDGKARTAWVDS,0
AYCLWMMLLISQAEAALELIT,0
AYGIPKVPPGPNITA,0
CAELCDPSNKPGHLL,0
CEEERCLPKREPLDVPDEPE,0
CGGTGKNTIVIPKGD,0
CGKYLFNWAVRTKLKLT,0
CGRRHSVRIRVRSGG,0
CIPSLEAAVKQAYAA,0
CLAVLWVVKSTPAS,0
DCISIGPGSTGLNIT,0
DCVMATGLYHCKPLVDILILPGYVQA,0
DDLMIRVIAQGPTAT,0
DDQPRPRGDNFAVEKPKENI,0
AASGAATVAAGGYKV,0
DDQPRPRGDNSSVQKPEENI,0
DIPEQEPNIPEDSEKEVPSD,0
DITVKNCVLKKSTNG,0
AATGAATAATGGYKV,0
DLGYAPATPAAPGAG,0
DNGPQDPDNTDDNGPHDPLP,0
DNNGNRHVPNSEDRETRPHG,0
DPDNTDDNGPHDPLPQDPDN,0
AAVGATPEAKFDSFV,0
DQMWKCLIRLKPTLHGPTP,0
DQVHFQPLPPAVVKLSDALI,0
DTADRPPVPITQILGFGPRS,0
DVIGQVRRPEMGDQAHMPYT,0
DWMEEEEGAQREKE,0
EAAFNDAIKASTGGAYESYKFIPALEAAVK,0
EAGKATTEEQKLIED,0
EAKYDAYVATVSEAL,0
EDVGYPIIIDQKYCP,0
EEQEDEIIGFGQELKNPQEE,0
EFRASPFLECHGRGTCNYYS,0
EGATPEAKYDAYVAT,0
EGCTSELQEQCEEERCLPKR,0
EGRHHLLVSGAGDGPPLCSQ,0
EGTKVTFHVEKGSNP,0
EIKIVATPDGGS,0
ADLGYGPATPAAPAA,0
ELKESWGAIWRIDTP,0
ELQVIEKVDAAFKVA,0
ELYYAIYKASPTLAF,0
ENPAVHFFKNIVTPRTP,0
ENPVVAFFKNIVTPRTP,0
ENVKMEDVGYPIIID,0
ENVKNVIGPFMKAVCVEVEK,0
EPIAAYHFDLSGIAF,0
EPIAPYHFDLSGHAF,0
AEDVIPEGWKADTSY,0
ERGPPGPRRPPRGPPLSSSL,0
ETTTASGLVIPDTAK,0
EVIPTAFKIGKTYTP,0
EVIPTAFSIGKTYKP,0
EVKAEQVKASKE,0
EVLKGPFTVRYTTEG,0
EYKSDYVYEPFPKEV,0
FEAIKKLINDDTKKDMLG,0
FEAMYLGTCQTLTPM,0
FEIKCTKPEACSGEP,0
FERLAITKGKVDPTD,0
FETNVSHNVQGATVA,0
FKPFAEYKSDYVYEP,0
FKVAATAAATAPADD,0
FNPVCGTDGVTYDN,0
AEQFKQKALGLLQTASRQAE,0
FTVFEAAFNNAIKAG,0
FVAAAKYMVIQGEPG,0
AEVDCSRFPNATDK,0
FVVTGRVYCDPCRAG,0
GAMATGWLQYNGSWY,0
GATVAVDCRPFNGGE,0
GAVDIINKWQVVAPQ,0
GCGSCFEIKCTKPEA,0
GDGFIDFNEFISFCN,0
GDTMAEVELREHGSD,0
GELELQFRRVKCKYP,0
GEVEIQFRRVKCKYP,0
GGACGYKDVDKPPFS,0
GGAYDIIICDECHSTDAT,0
GGGPDNGPQDPDNTDDNGPQ,0
AGAEPAGKATTEEQK,0
GHFVKPEAFLPFSAGRRACL,0
GHPYFSIKRANKTVV,0
GIAYFSMVGNWAKVL,0
GILQAYDLRDAPETP,0
GKVMVLCNRAFNPV,0
AAASAIQGNVTSIHSL,0
GLNGPDIYKGVYQFKSVEFD,0
GLSGEPKGGAESSSK,0
GPATPAAPAAGYTPA,0
GPHDPLPHSPSDSAGNDGGP,0
GPPGPAGTAGARGAP,0
GPTATFEAMYLGTCQ,0
GPTHLFQPSLVLDMAK,0
GQGINVAFNRFLVGCHPSDG,0
GQVSSALAPCIP,0
AGKATTEEQKLIEKI,0
GSDPKKLVLDIKYTR,0
GSWYYLNANGAMATG,0
GTKTEAEDVIPEGWK,0
GTLHDKKSMGDDHFW,0
AGSYAADLGYGPATP,0
GYITTNVLREILKEL,0
GYTPATPAAPAGAEP,0
HDKDVVVLTSSRLSNR,0
HDKKSMGDDHFWAVR,0
HDPLPQDPDNTDDNGPQDPD,0
HGAGTRTIASPKGPVIQT,0
HGQALFLGIVLFIFGCLLVL,0
HSDEHHHDDSLPHPQQATDD,0
IALYLQQNWWTLLVDLLWLL,0
IDTDINFANDVLGYYKIL,0
IEGITLLNAKFFHMN,0
IFRRDLLCPLGALCILLLMI,0
IHIGDSSKVTITDTT,0
IIAGTPEVHAVKPGA,0
IKEKGKDKWIELKES,0
IKKVIKEEKEKFPSSPPT,0
ILPNTLVLDFCDDAL,0
ILQQQLIPCMDVVLQQHNIA,0
ILSKIENEYEVLYLKPLA,0
IMRIKKLTITGKGTL,0
INKWQVVAPQLPADL,0
IPAGELQIIDKIDAA,0
IPFVHLGHRDALEDD,0
AIPKVPPGPNITATY,0
IPPSLRTLEDNEERMSRLSK,0
IPTAFKIGKTYTPEE,0
IPTAFSIGKTYKPEE,0
IPTSGDVVVVSTDALMTG,0
IQSPGEGTTGKLIYNGSGK,0
IQYVNYWFAPGAGAA,0
IRLHSDASKNKEKALIIIKS,0
ISATPEWATPFPHRK,0
ITDNPYMTSIPVNAFQGLC,0
ITKNIAGDKIDLHSI,0
IVTPRTPPPSQGK,0
IVVADLFSAGMVTTSTTLAW,0
IWYINCFGCETHAML,0
IYKASPTLAFPAGVC,0
KAEQVKASKEMG,0
KAFAEGLSGEPKGGA,0
KAKGNPESSFNDENLRIVVA,0
KCNLYADSAWENVKNVIGPF,0
AKKAVEDAQKALDDA,0
KDKWIALKESWGAIW,0
KDLLEQKRAAVDTYC,0
KEDFLRCLVKEIPPR,0
KEKALIIIKSLLSTNLPYGK,0
AKPDGKTDCTKEVEE,0
KERYSTLYISNAQVE,0
KESGDAASGADGTYD,0
KEVEEAWASACGGTG,0
KFIPALEAAVKQAYA,0
KGDEQKLRSAGELEL,0
KGDEQKLRSAGEVEI,0
KGNFQRLAITKGKVD,0
KGSNPNYLALLVKYV,0
KIDAAFKVAATAAAT,0
KKIQDCYVENGLISRVL,0
KKPGGTTYYYDPSAGKGVTA,0
AKSSPAYPSVLGQTI,0
KLPINALSNSLLRHH,0
KLRSAGELELQFRRV,0
KLRSAGEVEIQFRRV,0
ALEDDLLNRNNSFKP,0
KPAAAATATATSAVG,0
KPPFSGMTGCGNTPI,0
KPTAAGPKDNGGACG,0
KQAYAATVATAPEVK,0
KRHRKVLRDNIQGITKPAIRRIAR,0
KSSKPLVGPFNFRFM,0
KSTNGLRIKSYEDAK,0
KTSLYNLRRGTALAIPQCRLTPLSRL,0
KTVSEGAVDIINKWQ,0
KVNFFRMVISNPAATHQDID,0
KVPPGPNITATYGDK,0
KVTAKGVSEANTCAA,0
KYDAYVATLSEALRI,0
KYKTFEAAFTVSSKR,0
KYMVIQGEPGAVIRG,0
LAFFLAFFLDLILLIIALYL,0
LAIPQCRLTPLSRLPFGMAPGPGPQPG,0
LARYGPAWREQRRFSVSTLR,0
LASSCQVAFSYFPPP,0
LDAAYSVAYKAAVGA,0
LDEGKQSLTKLAAAWG,0
LDEVYNAAYNAADHA,0
LEAAVKQAYAATVAT,0
LENLVVLNAASVAGAHW,0
LFIFGCLLVLGIWIYLLEML,0
ALREKVLGLPAIKAW,0
LGHRDALEDDLLNRN,0
LGNIIQRLHGLSAFSLHSY,0
LGQTIRNSRWSSPDN,0
LIDDVLAILPLDDLK,0
LIEKINAGFKAALAA,0
LIFCHSKKKCDELAAKLV,0
LIWMYYHGQRHSDEHHHDDS,0
LLDKAVSNVIASLTCGRRFE,0
LLILRAIPEGIRDKGAK,0
LLLLALLFWLYIVMSDWTGG,0
ALRVIAGALEVHAVK,0
LLSTNLPYGKTNLTDALLQV,0
LMAFTAAVTSPLTTS,0
LPHPQQATDDSGHESDSNSN,0
LPRPPATPPPPPPPQ,0
LQIIDKIDAAFKVAA,0
LQPETFAVVDLNKMR,0
LQQKPVNKDQCPRER,0
LQVLKEVKAAASKVKANL,0
LRELTTEEQREL,0
LSIYEAIKGVDGLDA,0
LSKLEELSDKIDELD,0
ALSYYPTPLAKEDFL,0
LTKKGNVWEVKSSKP,0
LTKVNATEPERTAMKKI,0
LVDANGTLHDKKSMG,0
LVKFVAGDGDVVAVD,0
LVKYVNGDGDVVAVD,0
MATGWAKVNGSWYYL,0
MAVHQYTVALFLAVA,0
MDRPRTPPPSYSE,0
MEHDLERGPPGPRRPPRGPP,0
MGKATTEEQKLIEDV,0
MILHPDVQRRVQQEIDDVIG,0
MRQASGGGNGTAKAAGKSVM,0
ANGAMATGWAKVNGS,0
MSNKFLGTWKLVSSENFDDYMKALGV,0
MSSKFPELGMNASHC,0
MSWQTYVDEHLMCEI,0
MTEQQWNFAGIEAAAS,0
MTSRDIEVQGFRIPKGTTLI,0
MVVERLGDYLVEQGM,0
NAAYNAADHAAPEDK,0
NAGFKAALAAAAGVP,0
NASHCNEMSWIQSIP,0
NCVDAKMTEEDKENALS,0
NDKSDRNIPYSPLPPKVLDN,0
NDKSDRYIPYSPLAPKVLDN,0
NDKSDRYIPYSPLPPNVLDN,0
NFRFMSKGGMRNVFD,0
NGDGDVVAVDIKEKG,0
NGFDLDENPENPPNPPNPPN,0
NGPQDPDNTDDNGPQDPDNT,0
NIVDEIKYREEVCNDEVDLY,0
AAESSSKAALTSKLD,0
NNAAALPGKCGV,0
NPKFENIAEGLRALLARSHVERTTDE,0
NPRQAYANYRDIDLG,0
APEAPAEQPKPAPAP,0
NRNNTFKPFAEYKSD,0
NTEISFKLGQEFEETTADNRKTKSIV,0
NVKFPGGGQIVGGVYVLPRR,0
NVTSIHSLLDEGKQSL,0
APEDKYEAFVLHFSE,0
NYLALLVKYVNGDGD,0
NYNCKILPNTLVLDF,0
PAADKFKTFEAAFTS,0
PADKYKTLEAAFTVS,0
PANDKFTVFEAAFNN,0
PATPAAPGAGYTPAT,0
PDNTDDNGPQDPDNTDDNGP,0
PEEFAVVDLSKMRAV,0
PEHFLDAQGHFVKPEAFLPF,0
PEMGDQAHMPYTTAVIHEVQ,0
PGDSLAEVELRQHGS,0
PGLGNLLHVDFQNTPYCFDQ,0
PGPNITATYGGKWLD,0
PGPRGLLGPKGPPGP,0
PGPVGPPGSGGLKGE,0
PGPVGPPGSNGPVGE,0
PGRPGLPGADGLPGP,0
PIFYDVFFAVANGNELL,0
PISVTAPPPQLPRPP,0
PITQILGFGPRSQGVFLARY,0
PIYIVTPTNASHIQS,0
PKGGAESSSKAALTS,0
PLCSQNLGAPGGGPDNGPQD,0
PLMSSKFPELGMNPS,0
PNITATYGDKWLDAK,0
PPLMTDGGGGHSHDSGHGGG,0
PPNPPNPPNPDIPEQKPNIP,0
PPNPPNPPNPDIPQQEPNIP,0
PPSWDQMRKCLIRLKPTL,0
PPTVTIFKISKTVSE,0
PQAQGSVQPQQLPQFEEIRN,0
PQDPDNTDDNGPHDPLPHSP,0
PQLTEEVENKGGDQGPPLMT,0
PRLLYAKSSPAYPSV,0
PRPSHHGVFAFLLSPSPYEL,0
PSDKHIEQYLKKIKNSISTEWS,0
PSDQHIEKYLKTIQNSLSTEWS,0
PTGFQGLPGPPGPPG,0
PVTEEPGMAKIPAGE,0
PYGATISATPEWATP,0
QAYAATVAAAPQVKY,0
QFRRVKCKYPEGTKV,0
QGPEGKLGPLGAPGE,0
QKSQRSQEENPV,0
QKSQRSQKENPV,0
QKSQRSQNENPV,0
QKSQRSQYENPV,0
QLAETKKKSEEAKQK,0
QPCNGVTMNDVKIEY,0
QPFPKTVWEQILNTW,0
QSAVVCGRRHSVRIR,0
QTHTTGGQAGHQAHSLTGLFSPGAKQN,0
QVAFSYFPPPAAKED,0
QYPSGEGSFQPSQENPQA,0
RCLVKEIPPRLLYAK,0
REQRRFSVSTLRNLGLGKKS,0
RIDTPDKLTGPFTVR,0
RIIAGTLEVHAVKPA,0
RLFEPFQGLFEIPSY,0
RLVVLATATPPGSVTVSH,0
RNEVVNDVSTYASGK,0
RNNENRSYNRKHNNTPKHPE,0
AQEGLKEESGFLREVLNAVP,0
RRVQQEIDDVIGQVRRPEMG,0
RTLEDNEERMSRLSKVAPVI,0
RVIAQGPTATFEAMY,0
RVYCDPCRAGFETNV,0
RWQVVAPQLPDDLMI,0
AQGYKVLVLNPSVAATLGFG,0
SDSAGNDGGPPQLTEEVENK,0
SDYVYQPFPKTVWEQ,0
SEFAYGSFVRTVSLPVGADE,0
SFGIVVAWQVKLLPV,0
SGEYWIDPNQGSVED,0
SGHAFGAMAKKGDEQ,0
SGHESDSNSNEGRHHLLVSG,0
SGIAFGSMAKKGDEQ,0
SHIQSAVVCGRRHGV,0
SHLVEALYLVAGERG,0
AAGAATTAAGAASGA,0
